-- phpMyAdmin SQL Dump
-- version 4.8.3
-- https://www.phpmyadmin.net/
--
-- Host: localhost:3306
-- Generation Time: Mar 20, 2019 at 05:12 AM
-- Server version: 10.0.38-MariaDB
-- PHP Version: 7.2.7

SET SQL_MODE = "NO_AUTO_VALUE_ON_ZERO";
SET AUTOCOMMIT = 0;
START TRANSACTION;
SET time_zone = "+00:00";


/*!40101 SET @OLD_CHARACTER_SET_CLIENT=@@CHARACTER_SET_CLIENT */;
/*!40101 SET @OLD_CHARACTER_SET_RESULTS=@@CHARACTER_SET_RESULTS */;
/*!40101 SET @OLD_COLLATION_CONNECTION=@@COLLATION_CONNECTION */;
/*!40101 SET NAMES utf8mb4 */;

--
-- Database: `konf8699_praktikum`
--

-- --------------------------------------------------------

--
-- Table structure for table `aktivitas`
--

CREATE TABLE `aktivitas` (
  `id` bigint(20) UNSIGNED NOT NULL,
  `id_mk` bigint(20) UNSIGNED NOT NULL,
  `id_kelas` bigint(20) UNSIGNED NOT NULL,
  `created_at` timestamp NULL DEFAULT NULL,
  `updated_at` timestamp NULL DEFAULT NULL,
  `password` varchar(50) COLLATE utf8mb4_unicode_ci NOT NULL
) ENGINE=InnoDB DEFAULT CHARSET=utf8mb4 COLLATE=utf8mb4_unicode_ci;

--
-- Dumping data for table `aktivitas`
--

INSERT INTO `aktivitas` (`id`, `id_mk`, `id_kelas`, `created_at`, `updated_at`, `password`) VALUES
(1, 2, 1, NULL, NULL, '7g4636g'),
(2, 2, 2, NULL, NULL, 'fjf8793d'),
(3, 2, 3, NULL, NULL, '09772hg'),
(4, 2, 4, NULL, NULL, '7gdf35'),
(5, 2, 5, NULL, NULL, 'dj26eod'),
(6, 2, 6, NULL, NULL, 'dkjf872');

-- --------------------------------------------------------

--
-- Table structure for table `kelas`
--

CREATE TABLE `kelas` (
  `id` bigint(20) UNSIGNED NOT NULL,
  `nama_kelas` varchar(255) COLLATE utf8mb4_unicode_ci NOT NULL,
  `created_at` timestamp NULL DEFAULT NULL,
  `updated_at` timestamp NULL DEFAULT NULL
) ENGINE=InnoDB DEFAULT CHARSET=utf8mb4 COLLATE=utf8mb4_unicode_ci;

--
-- Dumping data for table `kelas`
--

INSERT INTO `kelas` (`id`, `nama_kelas`, `created_at`, `updated_at`) VALUES
(1, 'S1TT-05-A', NULL, '2019-03-16 00:07:47'),
(2, 'S1TT-05-B', NULL, NULL),
(3, 'S1TT-05-C', NULL, NULL),
(4, 'S1TT-05-D', NULL, NULL),
(5, 'S1TT-05-E', NULL, NULL),
(6, 'S1TT-05-F', NULL, NULL);

-- --------------------------------------------------------

--
-- Table structure for table `laporan`
--

CREATE TABLE `laporan` (
  `id` bigint(20) UNSIGNED NOT NULL,
  `id_user` bigint(20) UNSIGNED NOT NULL,
  `id_modul` bigint(20) UNSIGNED NOT NULL,
  `id_asisten` bigint(20) UNSIGNED NOT NULL,
  `tgl_praktikum` date NOT NULL,
  `pdf` text COLLATE utf8mb4_unicode_ci NOT NULL,
  `pesan` text COLLATE utf8mb4_unicode_ci,
  `created_at` timestamp NULL DEFAULT NULL,
  `updated_at` timestamp NULL DEFAULT NULL
) ENGINE=InnoDB DEFAULT CHARSET=utf8mb4 COLLATE=utf8mb4_unicode_ci;

--
-- Dumping data for table `laporan`
--

INSERT INTO `laporan` (`id`, `id_user`, `id_modul`, `id_asisten`, `tgl_praktikum`, `pdf`, `pesan`, `created_at`, `updated_at`) VALUES
(7, 1, 5, 401, '2019-03-14', '15102007_TT6222311_5_86558.pdf', 'sdfdsf sdfsdfsdf sdf sd fds sf dsfsd sdf dsfdsfsdf', '2019-03-18 01:02:10', '2019-03-18 01:02:10'),
(8, 1, 4, 401, '2019-03-15', '15102007_TT6222311_4_83855.pdf', NULL, '2019-03-18 02:32:09', '2019-03-18 08:58:14'),
(9, 1, 6, 399, '2019-03-23', '15102007_TT6222311_6_45157.pdf', 'jkhk kjhj khk hkhk hkjh hkj jkhkj hjkh kjhkhk', '2019-03-18 08:45:25', '2019-03-18 08:45:25'),
(10, 244, 4, 399, '2019-03-11', '17101002_TT6222311_4_94594.pdf', 'Linknya baru dapat pak :)', '2019-03-18 12:10:04', '2019-03-18 12:10:04'),
(11, 249, 4, 403, '2019-03-11', '17101008_TT6222311_4_55978.pdf', 'Pengelompokan kabel lebih rapi agar praktikan tidak kesusahan dlm memilih kabel yg pas serta untuk efektifitas waktu', '2019-03-18 12:23:26', '2019-03-18 13:27:31'),
(12, 247, 4, 364, '2019-03-11', '17101005_TT6222311_4_1776.pdf', 'Untuk praktikum selanjutnya Saya harap pelaksanaannya tepat waktu dan apabila ada kesulitan dalam praktikum untuk aslab harap ikut membantu tidak hanya melihat saja. Terima Kasih', '2019-03-18 13:02:34', '2019-03-18 13:29:17'),
(13, 257, 4, 404, '2019-03-11', '17101016_TT6222311_4_21949.pdf', NULL, '2019-03-18 13:10:02', '2019-03-18 13:10:02'),
(14, 253, 4, 364, '2019-03-11', '17101012_TT6222311_4_81504.pdf', 'dalam melaksanakan praktikum berjalan dengan baik', '2019-03-18 13:40:25', '2019-03-18 13:40:25'),
(15, 241, 4, 403, '2019-03-11', '13101035_TT6222311_4_21315.pdf', NULL, '2019-03-18 13:53:53', '2019-03-18 13:53:53'),
(16, 255, 4, 403, '2019-03-11', '17101014_TT6222311_4_91446.pdf', 'lebih memperhatikan praktikan pada saat praktikum', '2019-03-18 13:58:29', '2019-03-18 13:58:29'),
(18, 293, 4, 401, '2019-03-12', '17101095_TT6222311_4_52117.pdf', 'semoga praktikum mikroprosesor bisa lebih baik lagi.', '2019-03-18 16:24:13', '2019-03-18 16:24:13'),
(19, 281, 4, 403, '2019-03-12', '17101083_TT6222311_4_69630.pdf', '1. Mohon aslab agar menjelaskan bagaimana script berjalan dan bagaimana langkah kerjanya secara rinci \r\n2. Dimohon sistem diperbaiki, aslab saya bernama rijal taufikurahman tetapi tidak ada pada sistem ini. Oleh ka indak disarankan menggunakan nama beliau. Tolong untuk di benahi lagi\r\n\r\nTerimakasih', '2019-03-18 16:28:50', '2019-03-18 16:28:50'),
(20, 246, 4, 364, '2019-03-11', '17101004_TT6222311_4_52165.pdf', 'Lebih bisa memahami materi mikroposesor supaya mudah dalam praktikan', '2019-03-18 17:32:55', '2019-03-18 17:32:55'),
(21, 258, 4, 364, '2019-03-11', '17101018_TT6222311_4_59559.pdf', 'lebih diperjelas cara menjelaskannya', '2019-03-18 18:24:42', '2019-03-18 18:24:42'),
(22, 250, 4, 404, '2019-03-11', '17101009_TT6222311_4_56449.pdf', NULL, '2019-03-18 20:03:15', '2019-03-18 20:03:15'),
(23, 243, 4, 403, '2019-03-11', '17101001_TT6222311_4_9298.pdf', 'Assalamualaikum wr.wb, Maaf atas keterlambatan pengiriman laporan nya pak, tertulis di sistematik laporan adalah 7 Hari kerja dan umumnya yang saya tahu hari Minggu tidak masuk hitungan hari kerja , Jadi maaf atas keterlambatan nya pak terimakasih..', '2019-03-18 22:23:43', '2019-03-18 22:27:12'),
(24, 245, 4, 404, '2019-03-11', '17101003_TT6222311_4_563.pdf', 'Mohon maaf demi kenyamanan kita bersama. Untuk link sesegera mungkin dibagikan. Terima kasih', '2019-03-19 00:48:57', '2019-03-19 00:48:57'),
(25, 292, 4, 403, '2019-03-12', '17101094_TT6222311_4_90291.pdf', 'Sudah baik dlam membimbing pratikum', '2019-03-19 01:06:08', '2019-03-19 01:06:08'),
(26, 292, 4, 403, '2019-03-12', '17101094_TT6222311_4_19779.pdf', 'Sudah baik dlam membimbing pratikum', '2019-03-19 01:06:22', '2019-03-19 01:06:22'),
(27, 254, 4, 403, '2019-03-11', '17101013_TT6222311_4_41912.pdf', 'Sebaiknya pada saat praktikum alatnya bisa untuk ditambahkan agar setiap mahasiswa menjadi lebih paham.', '2019-03-19 03:25:23', '2019-03-19 03:25:23'),
(28, 260, 4, 403, '2019-03-11', '17101020_TT6222311_4_85368.pdf', 'semoga praktikum mikroprosesor ini memiliki alat-alat yang memadai untuk para praktikan yang sedang praktikum.', '2019-03-19 05:46:42', '2019-03-19 05:46:42'),
(29, 393, 4, 402, '2019-03-11', '17101209_TT6222311_4_29137.pdf', 'Untuk Aslab semoga dalam penjelasan dapat menjelaskan dengan detail dan mudah dipahami untuk para praktikan', '2019-03-19 06:41:28', '2019-03-19 06:42:54'),
(30, 398, 4, 403, '2019-03-11', '17101217_TT6222311_4_29693.pdf', 'Kalau bisa tugasnya jangan terlalu banyak :)', '2019-03-19 07:01:11', '2019-03-19 07:01:11'),
(31, 391, 4, 401, '2019-03-11', '17101206_TT6222311_4_39245.pdf', NULL, '2019-03-19 07:16:47', '2019-03-19 07:16:47'),
(32, 390, 4, 403, '2019-03-10', '17101205_TT6222311_4_33773.pdf', 'SANGAT MEMBANTU MENGEMBANGKAN', '2019-03-19 08:12:29', '2019-03-19 08:12:29'),
(33, 288, 4, 401, '2019-03-12', '17101090_TT6222311_4_35947.pdf', NULL, '2019-03-19 09:19:09', '2019-03-19 09:19:09'),
(34, 282, 4, 401, '2019-03-12', '17101084_TT6222311_4_24633.pdf', NULL, '2019-03-19 10:42:05', '2019-03-19 10:42:05'),
(35, 368, 4, 350, '2019-03-12', '17101175_TT6222311_4_38800.pdf', 'Laporan mikro modul 1 \r\nElsa Nur Oktaviar Herawati\r\n17101175\r\nS1 TT 05E\r\nPesan untuk matkul mikro: lebih ditingkatkan sarana dan prasana untuk praktikum Mikro.', '2019-03-19 11:27:31', '2019-03-19 11:27:31'),
(36, 251, 4, 404, '2019-03-11', '17101010_TT6222311_4_25762.pdf', 'Waktu pengerjaan mungkin bisa ditambah lagi mengingat mahasiswa membutuhkan keringanan.', '2019-03-19 13:23:53', '2019-03-19 13:23:53'),
(37, 359, 4, 364, '2019-03-12', '17101165_TT6222311_4_76069.pdf', 'Jangan terlau cepat menjelaskan materi pada saat praktikum berlangsung', '2019-03-19 13:54:39', '2019-03-19 13:54:39'),
(38, 357, 4, 404, '2019-03-12', '17101163_TT6222311_4_27651.pdf', 'Tidak terlalu cept saat menyampaikan materi, karena kemampuan masiswa(i) untuk menyerap ilmu berbeda-beda, sehingga seluruh mahasiswa(i) bisa memahami materi dengan baik', '2019-03-19 14:03:06', '2019-03-19 14:03:06'),
(39, 294, 4, 401, '2019-03-12', '17101096_TT6222311_4_48777.pdf', 'Bismillahhirrahmannirrahim', '2019-03-19 14:38:23', '2019-03-19 14:38:23'),
(40, 395, 4, 403, '2019-03-11', '17101211_TT6222311_4_92451.pdf', NULL, '2019-03-19 14:48:02', '2019-03-19 14:48:02'),
(41, 297, 4, 403, '2019-03-12', '17101099_TT6222311_4_76260.pdf', 'terlalu cepat dalam penyampaian', '2019-03-19 15:05:41', '2019-03-19 15:05:41'),
(42, 392, 4, 403, '2019-03-11', '17101207_TT6222311_4_55788.pdf', 'Untuk waktu pembuatan laporan kelas karyawan agar di sesuaikan 7 hari kerja, weekend tidak dihitung terimakasih', '2019-03-19 15:06:46', '2019-03-19 15:06:46'),
(43, 371, 4, 364, '2019-03-12', '17101181_TT6222311_4_43914.pdf', 'alatnya sudah memadahi, mungkin percobaannya dikurangin agar tepat waktu', '2019-03-19 16:37:44', '2019-03-19 16:37:44'),
(44, 369, 4, 404, '2019-03-12', '17101178_TT6222311_4_33482.pdf', 'semoga hasilnya maksimal', '2019-03-19 16:40:39', '2019-03-19 16:40:39');

-- --------------------------------------------------------

--
-- Table structure for table `mata_kuliah`
--

CREATE TABLE `mata_kuliah` (
  `id` bigint(20) UNSIGNED NOT NULL,
  `kd_mk` varchar(255) COLLATE utf8mb4_unicode_ci NOT NULL,
  `nama_mk` varchar(255) COLLATE utf8mb4_unicode_ci NOT NULL,
  `created_at` timestamp NULL DEFAULT NULL,
  `updated_at` timestamp NULL DEFAULT NULL
) ENGINE=InnoDB DEFAULT CHARSET=utf8mb4 COLLATE=utf8mb4_unicode_ci;

--
-- Dumping data for table `mata_kuliah`
--

INSERT INTO `mata_kuliah` (`id`, `kd_mk`, `nama_mk`, `created_at`, `updated_at`) VALUES
(2, 'TT6222311', 'PRAKTIKUM MIKROPROSESOR', NULL, '2019-03-15 23:40:41');

-- --------------------------------------------------------

--
-- Table structure for table `migrations`
--

CREATE TABLE `migrations` (
  `id` int(10) UNSIGNED NOT NULL,
  `migration` varchar(255) COLLATE utf8mb4_unicode_ci NOT NULL,
  `batch` int(11) NOT NULL
) ENGINE=InnoDB DEFAULT CHARSET=utf8mb4 COLLATE=utf8mb4_unicode_ci;

--
-- Dumping data for table `migrations`
--

INSERT INTO `migrations` (`id`, `migration`, `batch`) VALUES
(1, '2014_10_12_000000_create_users_table', 1),
(2, '2014_10_12_100000_create_password_resets_table', 1),
(3, '2019_03_12_084908_create_mata_kuliah_table', 1),
(4, '2019_03_12_090800_create_kelas_table', 1),
(5, '2019_03_12_224025_create_aktivitas_table', 1),
(6, '2019_03_12_225138_create_modul_table', 1),
(7, '2019_03_12_225443_create_laporan_table', 1),
(8, '2019_03_13_023518_create_asisten_table', 1),
(9, '2019_03_13_113326_add_column_to_users', 1);

-- --------------------------------------------------------

--
-- Table structure for table `modul`
--

CREATE TABLE `modul` (
  `id` bigint(20) UNSIGNED NOT NULL,
  `nama_modul` varchar(255) COLLATE utf8mb4_unicode_ci NOT NULL,
  `id_mk` bigint(20) UNSIGNED NOT NULL,
  `created_at` timestamp NULL DEFAULT NULL,
  `updated_at` timestamp NULL DEFAULT NULL
) ENGINE=InnoDB DEFAULT CHARSET=utf8mb4 COLLATE=utf8mb4_unicode_ci;

--
-- Dumping data for table `modul`
--

INSERT INTO `modul` (`id`, `nama_modul`, `id_mk`, `created_at`, `updated_at`) VALUES
(4, 'Modul 1', 2, NULL, NULL),
(5, 'Modul 2', 2, NULL, NULL),
(6, 'Modul 3', 2, NULL, NULL),
(7, 'Modul 4', 2, NULL, NULL),
(8, 'Modul 5', 2, NULL, NULL);

-- --------------------------------------------------------

--
-- Table structure for table `password_resets`
--

CREATE TABLE `password_resets` (
  `email` varchar(255) COLLATE utf8mb4_unicode_ci NOT NULL,
  `token` varchar(255) COLLATE utf8mb4_unicode_ci NOT NULL,
  `created_at` timestamp NULL DEFAULT NULL
) ENGINE=InnoDB DEFAULT CHARSET=utf8mb4 COLLATE=utf8mb4_unicode_ci;

-- --------------------------------------------------------

--
-- Table structure for table `peserta`
--

CREATE TABLE `peserta` (
  `id` bigint(20) UNSIGNED NOT NULL,
  `id_user` bigint(20) UNSIGNED NOT NULL,
  `id_aktivitas` bigint(20) UNSIGNED NOT NULL,
  `created_at` timestamp NULL DEFAULT NULL,
  `updated_at` timestamp NULL DEFAULT NULL,
  `as_asisten` int(1) DEFAULT '0'
) ENGINE=InnoDB DEFAULT CHARSET=utf8mb4 COLLATE=utf8mb4_unicode_ci;

--
-- Dumping data for table `peserta`
--

INSERT INTO `peserta` (`id`, `id_user`, `id_aktivitas`, `created_at`, `updated_at`, `as_asisten`) VALUES
(9, 205, 2, '2019-03-17 23:36:44', '2019-03-17 23:36:44', 0),
(10, 206, 2, '2019-03-17 23:36:44', '2019-03-17 23:36:44', 0),
(11, 207, 2, '2019-03-17 23:36:44', '2019-03-17 23:36:44', 0),
(12, 208, 2, '2019-03-17 23:36:45', '2019-03-17 23:36:45', 0),
(13, 209, 2, '2019-03-17 23:36:45', '2019-03-17 23:36:45', 0),
(14, 210, 2, '2019-03-17 23:36:45', '2019-03-17 23:36:45', 0),
(15, 211, 2, '2019-03-17 23:36:45', '2019-03-17 23:36:45', 0),
(16, 212, 2, '2019-03-17 23:36:45', '2019-03-17 23:36:45', 0),
(17, 213, 2, '2019-03-17 23:36:46', '2019-03-17 23:36:46', 0),
(18, 214, 2, '2019-03-17 23:36:46', '2019-03-17 23:36:46', 0),
(19, 215, 2, '2019-03-17 23:36:46', '2019-03-17 23:36:46', 0),
(20, 216, 2, '2019-03-17 23:36:46', '2019-03-17 23:36:46', 0),
(21, 217, 2, '2019-03-17 23:36:46', '2019-03-17 23:36:46', 0),
(22, 218, 2, '2019-03-17 23:36:47', '2019-03-17 23:36:47', 0),
(23, 219, 2, '2019-03-17 23:36:47', '2019-03-17 23:36:47', 0),
(24, 220, 2, '2019-03-17 23:36:47', '2019-03-17 23:36:47', 0),
(25, 221, 2, '2019-03-17 23:36:47', '2019-03-17 23:36:47', 0),
(26, 222, 2, '2019-03-17 23:36:48', '2019-03-17 23:36:48', 0),
(27, 223, 2, '2019-03-17 23:36:48', '2019-03-17 23:36:48', 0),
(28, 224, 2, '2019-03-17 23:36:48', '2019-03-17 23:36:48', 0),
(29, 225, 2, '2019-03-17 23:36:48', '2019-03-17 23:36:48', 0),
(30, 226, 2, '2019-03-17 23:36:48', '2019-03-17 23:36:48', 0),
(31, 227, 2, '2019-03-17 23:36:49', '2019-03-17 23:36:49', 0),
(32, 228, 2, '2019-03-17 23:36:49', '2019-03-17 23:36:49', 0),
(33, 229, 2, '2019-03-17 23:36:49', '2019-03-17 23:36:49', 0),
(34, 230, 2, '2019-03-17 23:36:49', '2019-03-17 23:36:49', 0),
(35, 231, 2, '2019-03-17 23:36:49', '2019-03-17 23:36:49', 0),
(36, 232, 2, '2019-03-17 23:36:50', '2019-03-17 23:36:50', 0),
(37, 233, 2, '2019-03-17 23:36:50', '2019-03-17 23:36:50', 0),
(38, 234, 2, '2019-03-17 23:36:50', '2019-03-17 23:36:50', 0),
(39, 235, 2, '2019-03-17 23:36:50', '2019-03-17 23:36:50', 0),
(40, 236, 2, '2019-03-17 23:36:50', '2019-03-17 23:36:50', 0),
(41, 237, 2, '2019-03-17 23:36:51', '2019-03-17 23:36:51', 0),
(42, 238, 2, '2019-03-17 23:36:51', '2019-03-17 23:36:51', 0),
(43, 239, 2, '2019-03-17 23:36:51', '2019-03-17 23:36:51', 0),
(44, 240, 2, '2019-03-17 23:36:51', '2019-03-17 23:36:51', 0),
(45, 241, 1, '2019-03-17 23:36:51', '2019-03-17 23:36:51', 0),
(46, 242, 1, '2019-03-17 23:36:52', '2019-03-17 23:36:52', 0),
(47, 243, 1, '2019-03-17 23:36:52', '2019-03-17 23:36:52', 0),
(48, 244, 1, '2019-03-17 23:36:52', '2019-03-17 23:36:52', 0),
(49, 245, 1, '2019-03-17 23:36:52', '2019-03-17 23:36:52', 0),
(50, 246, 1, '2019-03-17 23:36:53', '2019-03-17 23:36:53', 0),
(51, 247, 1, '2019-03-17 23:36:53', '2019-03-17 23:36:53', 0),
(52, 248, 1, '2019-03-17 23:36:53', '2019-03-17 23:36:53', 0),
(53, 249, 1, '2019-03-17 23:36:53', '2019-03-17 23:36:53', 0),
(54, 250, 1, '2019-03-17 23:36:53', '2019-03-17 23:36:53', 0),
(55, 251, 1, '2019-03-17 23:36:54', '2019-03-17 23:36:54', 0),
(56, 252, 1, '2019-03-17 23:36:54', '2019-03-17 23:36:54', 0),
(57, 253, 1, '2019-03-17 23:36:54', '2019-03-17 23:36:54', 0),
(58, 254, 1, '2019-03-17 23:36:54', '2019-03-17 23:36:54', 0),
(59, 255, 1, '2019-03-17 23:36:54', '2019-03-17 23:36:54', 0),
(60, 256, 1, '2019-03-17 23:36:55', '2019-03-17 23:36:55', 0),
(61, 257, 1, '2019-03-17 23:36:55', '2019-03-17 23:36:55', 0),
(62, 258, 1, '2019-03-17 23:36:55', '2019-03-17 23:36:55', 0),
(63, 259, 1, '2019-03-17 23:36:55', '2019-03-17 23:36:55', 0),
(64, 260, 1, '2019-03-17 23:36:55', '2019-03-17 23:36:55', 0),
(65, 261, 1, '2019-03-17 23:36:56', '2019-03-17 23:36:56', 0),
(66, 262, 1, '2019-03-17 23:36:56', '2019-03-17 23:36:56', 0),
(67, 263, 1, '2019-03-17 23:36:56', '2019-03-17 23:36:56', 0),
(68, 264, 1, '2019-03-17 23:36:57', '2019-03-17 23:36:57', 0),
(69, 265, 1, '2019-03-17 23:36:57', '2019-03-17 23:36:57', 0),
(70, 266, 1, '2019-03-17 23:36:57', '2019-03-17 23:36:57', 0),
(71, 267, 1, '2019-03-17 23:36:57', '2019-03-17 23:36:57', 0),
(72, 268, 1, '2019-03-17 23:36:57', '2019-03-17 23:36:57', 0),
(73, 269, 1, '2019-03-17 23:36:58', '2019-03-17 23:36:58', 0),
(74, 270, 1, '2019-03-17 23:36:58', '2019-03-17 23:36:58', 0),
(75, 271, 1, '2019-03-17 23:36:58', '2019-03-17 23:36:58', 0),
(76, 272, 1, '2019-03-17 23:36:58', '2019-03-17 23:36:58', 0),
(77, 273, 1, '2019-03-17 23:36:58', '2019-03-17 23:36:58', 0),
(78, 274, 1, '2019-03-17 23:36:59', '2019-03-17 23:36:59', 0),
(79, 275, 1, '2019-03-17 23:36:59', '2019-03-17 23:36:59', 0),
(80, 276, 1, '2019-03-17 23:36:59', '2019-03-17 23:36:59', 0),
(81, 277, 1, '2019-03-17 23:36:59', '2019-03-17 23:36:59', 0),
(82, 278, 3, '2019-03-17 23:37:00', '2019-03-17 23:37:00', 0),
(83, 279, 3, '2019-03-17 23:37:00', '2019-03-17 23:37:00', 0),
(84, 280, 3, '2019-03-17 23:37:00', '2019-03-17 23:37:00', 0),
(85, 281, 3, '2019-03-17 23:37:00', '2019-03-17 23:37:00', 0),
(86, 282, 3, '2019-03-17 23:37:00', '2019-03-17 23:37:00', 0),
(87, 283, 3, '2019-03-17 23:37:01', '2019-03-17 23:37:01', 0),
(88, 284, 3, '2019-03-17 23:37:01', '2019-03-17 23:37:01', 0),
(89, 285, 3, '2019-03-17 23:37:01', '2019-03-17 23:37:01', 0),
(90, 286, 3, '2019-03-17 23:37:01', '2019-03-17 23:37:01', 0),
(91, 287, 3, '2019-03-17 23:37:01', '2019-03-17 23:37:01', 0),
(92, 288, 3, '2019-03-17 23:37:02', '2019-03-17 23:37:02', 0),
(93, 289, 3, '2019-03-17 23:37:02', '2019-03-17 23:37:02', 0),
(94, 290, 3, '2019-03-17 23:37:02', '2019-03-17 23:37:02', 0),
(95, 291, 3, '2019-03-17 23:37:02', '2019-03-17 23:37:02', 0),
(96, 292, 3, '2019-03-17 23:37:03', '2019-03-17 23:37:03', 0),
(97, 293, 3, '2019-03-17 23:37:03', '2019-03-17 23:37:03', 0),
(98, 294, 3, '2019-03-17 23:37:03', '2019-03-17 23:37:03', 0),
(99, 295, 3, '2019-03-17 23:37:03', '2019-03-17 23:37:03', 0),
(100, 296, 3, '2019-03-17 23:37:03', '2019-03-17 23:37:03', 0),
(101, 297, 3, '2019-03-17 23:37:04', '2019-03-17 23:37:04', 0),
(102, 298, 3, '2019-03-17 23:37:04', '2019-03-17 23:37:04', 0),
(103, 299, 3, '2019-03-17 23:37:04', '2019-03-17 23:37:04', 0),
(104, 300, 3, '2019-03-17 23:37:04', '2019-03-17 23:37:04', 0),
(105, 301, 3, '2019-03-17 23:37:04', '2019-03-17 23:37:04', 0),
(106, 302, 3, '2019-03-17 23:37:05', '2019-03-17 23:37:05', 0),
(107, 303, 3, '2019-03-17 23:37:05', '2019-03-17 23:37:05', 0),
(108, 304, 3, '2019-03-17 23:37:05', '2019-03-17 23:37:05', 0),
(109, 305, 3, '2019-03-17 23:37:05', '2019-03-17 23:37:05', 0),
(110, 306, 3, '2019-03-17 23:37:06', '2019-03-17 23:37:06', 0),
(111, 307, 3, '2019-03-17 23:37:06', '2019-03-17 23:37:06', 0),
(112, 308, 3, '2019-03-17 23:37:06', '2019-03-17 23:37:06', 0),
(113, 309, 3, '2019-03-17 23:37:06', '2019-03-17 23:37:06', 0),
(114, 310, 3, '2019-03-17 23:37:06', '2019-03-17 23:37:06', 0),
(115, 311, 3, '2019-03-17 23:37:07', '2019-03-17 23:37:07', 0),
(116, 312, 3, '2019-03-17 23:37:07', '2019-03-17 23:37:07', 0),
(117, 313, 3, '2019-03-17 23:37:07', '2019-03-17 23:37:07', 0),
(118, 314, 3, '2019-03-17 23:37:07', '2019-03-17 23:37:07', 0),
(119, 315, 3, '2019-03-17 23:37:08', '2019-03-17 23:37:08', 0),
(120, 316, 3, '2019-03-17 23:37:08', '2019-03-17 23:37:08', 0),
(121, 317, 3, '2019-03-17 23:37:08', '2019-03-17 23:37:08', 0),
(122, 318, 4, '2019-03-17 23:37:09', '2019-03-17 23:37:09', 0),
(123, 319, 4, '2019-03-17 23:37:09', '2019-03-17 23:37:09', 0),
(124, 320, 4, '2019-03-17 23:37:09', '2019-03-17 23:37:09', 0),
(125, 321, 4, '2019-03-17 23:37:09', '2019-03-17 23:37:09', 0),
(126, 322, 4, '2019-03-17 23:37:09', '2019-03-17 23:37:09', 0),
(127, 323, 4, '2019-03-17 23:37:10', '2019-03-17 23:37:10', 0),
(128, 324, 4, '2019-03-17 23:37:10', '2019-03-17 23:37:10', 0),
(129, 325, 4, '2019-03-17 23:37:10', '2019-03-17 23:37:10', 0),
(130, 326, 4, '2019-03-17 23:37:10', '2019-03-17 23:37:10', 0),
(131, 327, 4, '2019-03-17 23:37:11', '2019-03-17 23:37:11', 0),
(132, 328, 4, '2019-03-17 23:37:11', '2019-03-17 23:37:11', 0),
(133, 329, 4, '2019-03-17 23:37:11', '2019-03-17 23:37:11', 0),
(134, 330, 4, '2019-03-17 23:37:12', '2019-03-17 23:37:12', 0),
(135, 331, 4, '2019-03-17 23:37:12', '2019-03-17 23:37:12', 0),
(136, 332, 4, '2019-03-17 23:37:12', '2019-03-17 23:37:12', 0),
(137, 333, 4, '2019-03-17 23:37:12', '2019-03-17 23:37:12', 0),
(138, 334, 4, '2019-03-17 23:37:13', '2019-03-17 23:37:13', 0),
(139, 335, 4, '2019-03-17 23:37:13', '2019-03-17 23:37:13', 0),
(140, 336, 4, '2019-03-17 23:37:13', '2019-03-17 23:37:13', 0),
(141, 337, 4, '2019-03-17 23:37:13', '2019-03-17 23:37:13', 0),
(142, 338, 4, '2019-03-17 23:37:14', '2019-03-17 23:37:14', 0),
(143, 339, 4, '2019-03-17 23:37:14', '2019-03-17 23:37:14', 0),
(144, 340, 4, '2019-03-17 23:37:14', '2019-03-17 23:37:14', 0),
(145, 341, 4, '2019-03-17 23:37:15', '2019-03-17 23:37:15', 0),
(146, 342, 4, '2019-03-17 23:37:15', '2019-03-17 23:37:15', 0),
(147, 343, 4, '2019-03-17 23:37:15', '2019-03-17 23:37:15', 0),
(148, 344, 4, '2019-03-17 23:37:15', '2019-03-17 23:37:15', 0),
(149, 345, 4, '2019-03-17 23:37:15', '2019-03-17 23:37:15', 0),
(150, 346, 4, '2019-03-17 23:37:16', '2019-03-17 23:37:16', 0),
(151, 347, 4, '2019-03-17 23:37:16', '2019-03-17 23:37:16', 0),
(152, 348, 4, '2019-03-17 23:37:16', '2019-03-17 23:37:16', 0),
(153, 349, 4, '2019-03-17 23:37:16', '2019-03-17 23:37:16', 0),
(154, 350, 4, '2019-03-17 23:37:17', '2019-03-17 23:37:17', 0),
(155, 351, 4, '2019-03-17 23:37:17', '2019-03-17 23:37:17', 0),
(156, 352, 4, '2019-03-17 23:37:17', '2019-03-17 23:37:17', 0),
(157, 353, 4, '2019-03-17 23:37:17', '2019-03-17 23:37:17', 0),
(158, 354, 4, '2019-03-17 23:37:18', '2019-03-17 23:37:18', 0),
(159, 355, 4, '2019-03-17 23:37:18', '2019-03-17 23:37:18', 0),
(160, 356, 5, '2019-03-17 23:37:18', '2019-03-17 23:37:18', 0),
(161, 357, 5, '2019-03-17 23:37:18', '2019-03-17 23:37:18', 0),
(162, 358, 5, '2019-03-17 23:37:18', '2019-03-17 23:37:18', 0),
(163, 359, 5, '2019-03-17 23:37:19', '2019-03-17 23:37:19', 0),
(164, 360, 5, '2019-03-17 23:37:19', '2019-03-17 23:37:19', 0),
(165, 361, 5, '2019-03-17 23:37:19', '2019-03-17 23:37:19', 0),
(166, 362, 5, '2019-03-17 23:37:19', '2019-03-17 23:37:19', 0),
(167, 363, 5, '2019-03-17 23:37:20', '2019-03-17 23:37:20', 0),
(168, 364, 5, '2019-03-17 23:37:20', '2019-03-17 23:37:20', 0),
(169, 365, 5, '2019-03-17 23:37:20', '2019-03-17 23:37:20', 0),
(170, 366, 5, '2019-03-17 23:37:20', '2019-03-17 23:37:20', 0),
(171, 367, 5, '2019-03-17 23:37:21', '2019-03-17 23:37:21', 0),
(172, 368, 5, '2019-03-17 23:37:21', '2019-03-17 23:37:21', 0),
(173, 369, 5, '2019-03-17 23:37:21', '2019-03-17 23:37:21', 0),
(174, 370, 5, '2019-03-17 23:37:21', '2019-03-17 23:37:21', 0),
(175, 371, 5, '2019-03-17 23:37:22', '2019-03-17 23:37:22', 0),
(176, 372, 5, '2019-03-17 23:37:22', '2019-03-17 23:37:22', 0),
(177, 373, 5, '2019-03-17 23:37:22', '2019-03-17 23:37:22', 0),
(178, 374, 5, '2019-03-17 23:37:23', '2019-03-17 23:37:23', 0),
(179, 375, 5, '2019-03-17 23:37:23', '2019-03-17 23:37:23', 0),
(180, 376, 5, '2019-03-17 23:37:23', '2019-03-17 23:37:23', 0),
(181, 377, 5, '2019-03-17 23:37:23', '2019-03-17 23:37:23', 0),
(182, 378, 5, '2019-03-17 23:37:24', '2019-03-17 23:37:24', 0),
(183, 379, 5, '2019-03-17 23:37:24', '2019-03-17 23:37:24', 0),
(184, 380, 5, '2019-03-17 23:37:24', '2019-03-17 23:37:24', 0),
(185, 381, 5, '2019-03-17 23:37:24', '2019-03-17 23:37:24', 0),
(186, 382, 5, '2019-03-17 23:37:24', '2019-03-17 23:37:24', 0),
(187, 383, 5, '2019-03-17 23:37:25', '2019-03-17 23:37:25', 0),
(188, 384, 5, '2019-03-17 23:37:25', '2019-03-17 23:37:25', 0),
(189, 385, 5, '2019-03-17 23:37:25', '2019-03-17 23:37:25', 0),
(190, 386, 5, '2019-03-17 23:37:25', '2019-03-17 23:37:25', 0),
(191, 387, 5, '2019-03-17 23:37:26', '2019-03-17 23:37:26', 0),
(192, 388, 5, '2019-03-17 23:37:26', '2019-03-17 23:37:26', 0),
(193, 389, 5, '2019-03-17 23:37:26', '2019-03-17 23:37:26', 0),
(194, 390, 6, '2019-03-17 23:37:26', '2019-03-17 23:37:26', 0),
(195, 391, 6, '2019-03-17 23:37:27', '2019-03-17 23:37:27', 0),
(196, 392, 6, '2019-03-17 23:37:27', '2019-03-17 23:37:27', 0),
(197, 393, 6, '2019-03-17 23:37:27', '2019-03-17 23:37:27', 0),
(198, 394, 6, '2019-03-17 23:37:28', '2019-03-17 23:37:28', 0),
(199, 395, 6, '2019-03-17 23:37:28', '2019-03-17 23:37:28', 0),
(200, 396, 6, '2019-03-17 23:37:28', '2019-03-17 23:37:28', 0),
(201, 397, 6, '2019-03-17 23:37:28', '2019-03-17 23:37:28', 0),
(202, 398, 6, '2019-03-17 23:37:29', '2019-03-17 23:37:29', 0),
(203, 6, 1, NULL, NULL, 0),
(204, 6, 2, NULL, NULL, 0),
(205, 6, 3, NULL, NULL, 0),
(206, 6, 4, NULL, NULL, 0),
(207, 6, 5, NULL, NULL, 0),
(208, 6, 6, NULL, NULL, 0),
(209, 399, 1, '2019-03-18 00:23:16', '2019-03-18 00:23:16', 1),
(210, 399, 2, '2019-03-18 00:23:16', '2019-03-18 00:23:16', 1),
(211, 399, 3, '2019-03-18 00:23:16', '2019-03-18 00:23:16', 1),
(212, 399, 4, '2019-03-18 00:23:16', '2019-03-18 00:23:16', 1),
(213, 399, 5, '2019-03-18 00:23:16', '2019-03-18 00:23:16', 1),
(214, 399, 6, '2019-03-18 00:23:16', '2019-03-18 00:23:16', 1),
(215, 400, 1, '2019-03-18 00:23:17', '2019-03-18 00:23:17', 1),
(216, 400, 2, '2019-03-18 00:23:17', '2019-03-18 00:23:17', 1),
(217, 400, 3, '2019-03-18 00:23:17', '2019-03-18 00:23:17', 1),
(218, 400, 4, '2019-03-18 00:23:17', '2019-03-18 00:23:17', 1),
(219, 400, 5, '2019-03-18 00:23:17', '2019-03-18 00:23:17', 1),
(220, 400, 6, '2019-03-18 00:23:17', '2019-03-18 00:23:17', 1),
(221, 401, 1, '2019-03-18 00:23:17', '2019-03-18 00:23:17', 1),
(222, 401, 2, '2019-03-18 00:23:17', '2019-03-18 00:23:17', 1),
(223, 401, 3, '2019-03-18 00:23:17', '2019-03-18 00:23:17', 1),
(224, 401, 4, '2019-03-18 00:23:17', '2019-03-18 00:23:17', 1),
(225, 401, 5, '2019-03-18 00:23:17', '2019-03-18 00:23:17', 1),
(226, 401, 6, '2019-03-18 00:23:17', '2019-03-18 00:23:17', 1),
(227, 402, 1, '2019-03-18 00:23:17', '2019-03-18 00:23:17', 1),
(228, 402, 2, '2019-03-18 00:23:17', '2019-03-18 00:23:17', 1),
(229, 402, 3, '2019-03-18 00:23:18', '2019-03-18 00:23:18', 1),
(230, 402, 4, '2019-03-18 00:23:18', '2019-03-18 00:23:18', 1),
(231, 402, 5, '2019-03-18 00:23:18', '2019-03-18 00:23:18', 1),
(232, 402, 6, '2019-03-18 00:23:18', '2019-03-18 00:23:18', 1),
(233, 403, 1, '2019-03-18 00:23:18', '2019-03-18 00:23:18', 1),
(234, 403, 2, '2019-03-18 00:23:18', '2019-03-18 00:23:18', 1),
(235, 403, 3, '2019-03-18 00:23:18', '2019-03-18 00:23:18', 1),
(236, 403, 4, '2019-03-18 00:23:18', '2019-03-18 00:23:18', 1),
(237, 403, 5, '2019-03-18 00:23:18', '2019-03-18 00:23:18', 1),
(238, 403, 6, '2019-03-18 00:23:18', '2019-03-18 00:23:18', 1),
(239, 404, 1, '2019-03-18 00:23:18', '2019-03-18 00:23:18', 1),
(240, 404, 2, '2019-03-18 00:23:18', '2019-03-18 00:23:18', 1),
(241, 404, 3, '2019-03-18 00:23:18', '2019-03-18 00:23:18', 1),
(242, 404, 4, '2019-03-18 00:23:18', '2019-03-18 00:23:18', 1),
(243, 404, 5, '2019-03-18 00:23:18', '2019-03-18 00:23:18', 1),
(244, 404, 6, '2019-03-18 00:23:19', '2019-03-18 00:23:19', 1),
(245, 350, 1, '2019-03-18 00:31:30', '2019-03-18 00:31:30', 1),
(246, 364, 1, '2019-03-18 00:31:30', '2019-03-18 00:31:30', 1),
(247, 368, 1, '2019-03-18 00:31:31', '2019-03-18 00:31:31', 1),
(248, 350, 2, '2019-03-18 00:31:31', '2019-03-18 00:31:31', 1),
(249, 364, 2, '2019-03-18 00:31:31', '2019-03-18 00:31:31', 1),
(250, 368, 2, '2019-03-18 00:31:31', '2019-03-18 00:31:31', 1),
(251, 350, 3, '2019-03-18 00:31:31', '2019-03-18 00:31:31', 1),
(252, 364, 3, '2019-03-18 00:31:31', '2019-03-18 00:31:31', 1),
(253, 368, 3, '2019-03-18 00:31:31', '2019-03-18 00:31:31', 1),
(254, 350, 4, '2019-03-18 00:31:31', '2019-03-18 00:31:31', 1),
(255, 364, 4, '2019-03-18 00:31:31', '2019-03-18 00:31:31', 1),
(256, 368, 4, '2019-03-18 00:31:31', '2019-03-18 00:31:31', 1),
(257, 350, 5, '2019-03-18 00:31:31', '2019-03-18 00:31:31', 1),
(258, 364, 5, '2019-03-18 00:31:31', '2019-03-18 00:31:31', 1),
(259, 368, 5, '2019-03-18 00:31:31', '2019-03-18 00:31:31', 1),
(260, 350, 6, '2019-03-18 00:31:31', '2019-03-18 00:31:31', 1),
(261, 364, 6, '2019-03-18 00:31:31', '2019-03-18 00:31:31', 1),
(262, 368, 6, '2019-03-18 00:31:31', '2019-03-18 00:31:31', 1),
(266, 1, 1, '2019-03-18 04:29:57', '2019-03-18 04:29:57', 0),
(267, 405, 1, NULL, NULL, 1),
(268, 405, 2, NULL, NULL, 1),
(269, 405, 3, NULL, NULL, 1),
(270, 405, 4, NULL, NULL, 1),
(271, 405, 5, NULL, NULL, 1),
(272, 405, 6, NULL, NULL, 1);

-- --------------------------------------------------------

--
-- Table structure for table `users`
--

CREATE TABLE `users` (
  `id` bigint(20) UNSIGNED NOT NULL,
  `name` varchar(255) COLLATE utf8mb4_unicode_ci NOT NULL,
  `email` varchar(255) COLLATE utf8mb4_unicode_ci NOT NULL,
  `email_verified_at` timestamp NULL DEFAULT NULL,
  `password` varchar(255) COLLATE utf8mb4_unicode_ci NOT NULL,
  `remember_token` varchar(100) COLLATE utf8mb4_unicode_ci DEFAULT NULL,
  `created_at` timestamp NULL DEFAULT NULL,
  `updated_at` timestamp NULL DEFAULT NULL,
  `photo` text COLLATE utf8mb4_unicode_ci,
  `phone` varchar(255) COLLATE utf8mb4_unicode_ci DEFAULT NULL,
  `role` int(11) DEFAULT NULL,
  `NIM` varchar(25) COLLATE utf8mb4_unicode_ci DEFAULT NULL,
  `is_asisten` int(1) DEFAULT '0',
  `is_dosen` int(1) DEFAULT '0'
) ENGINE=InnoDB DEFAULT CHARSET=utf8mb4 COLLATE=utf8mb4_unicode_ci;

--
-- Dumping data for table `users`
--

INSERT INTO `users` (`id`, `name`, `email`, `email_verified_at`, `password`, `remember_token`, `created_at`, `updated_at`, `photo`, `phone`, `role`, `NIM`, `is_asisten`, `is_dosen`) VALUES
(1, 'Alhamda Adisoka Bimantara', 'alhamdadisoka@gmail.com', NULL, '$2y$10$c0j/PnYaGAKoOX85GCjqjOE8Se69w5w0HsY.10uvagY7daEYQUcPK', 'TIgiqGptsD8leWZjTVdUwEj5FBchBLcIZFsvdTC8ZoXXhatbXuelA5iECqLt', '2019-03-13 04:45:44', '2019-03-18 02:30:32', '15102007_9993.png', '+62821327694012', 3, '15102007', 0, 0),
(6, 'SIGIT PRAMONO, S.T., M.T', 'sigit@ittelkom-pwt.ac.id', NULL, '$2y$10$vzrr9Ku2aVA3nMCn2dUtme5s2QkF9U8Zr07UGdNJRAtwJLm1CEXTO', NULL, '2019-03-13 22:15:08', '2019-03-13 22:15:08', '15102007_5413.png', '+6282223274321', 1, '0622058005', 0, 1),
(205, 'BOBBY BAYU SETIAWAN', '14101046@ittelkom-pwt.ac.id', NULL, '$2y$10$ShsxmqF2IFtzj4ylvT8OkePJ9V0fI2G2XawbusK6cXmbygDy7zD6O', NULL, '2019-03-17 23:36:44', '2019-03-17 23:36:44', '14101046_3472.png', NULL, 3, '14101046', 0, 0),
(206, 'YUSUF NURHADI FIRDAUS', '17101041@ittelkom-pwt.ac.id', NULL, '$2y$10$cKPFrxFJ/fcvnXyOEGBBzucO41eKEOdKLtvnh3UvZqlDtKU2vm9Uq', NULL, '2019-03-17 23:36:44', '2019-03-17 23:36:44', '17101041_6411.png', NULL, 3, '17101041', 0, 0),
(207, 'ABDUL HAMIM TOHARI', '17101042@ittelkom-pwt.ac.id', NULL, '$2y$10$ZN/1sM.OSsom9mEzRNc9iOQxirjhl.MoIoCSzHdmljIyWsczN8/Dm', '2m4cKa1MlaMOioysGzHlv3nbyNAwrQVZI1FIobVbGkSkwzBQIvGB2Q8Z0x1m', '2019-03-17 23:36:44', '2019-03-17 23:36:44', '17101042_5743.png', NULL, 3, '17101042', 0, 0),
(208, 'ADITYA WIDIYANTI', '17101043@ittelkom-pwt.ac.id', NULL, '$2y$10$OM1dapvSmqyqj3ixv4hz6OJbExJ87JlJN3MuW4FOiPGfVqbI6RHCq', NULL, '2019-03-17 23:36:44', '2019-03-17 23:36:44', '17101043_4378.png', NULL, 3, '17101043', 0, 0),
(209, 'AHMAD FAUZZAN MAGHRIBI', '17101044@ittelkom-pwt.ac.id', NULL, '$2y$10$yiwUqUjbRln3gldLGeBnxepVP9uSogr8bcPH31poCzMGYhGpEqDUC', NULL, '2019-03-17 23:36:45', '2019-03-17 23:36:45', '17101044_1975.png', NULL, 3, '17101044', 0, 0),
(210, 'ALIF HIDAYATULLAH', '17101046@ittelkom-pwt.ac.id', NULL, '$2y$10$hFD5qoFba4b5slEUa1qK4.RZ5Ed8UF0ZI3jtxyKSFxdLDy7D6sdue', NULL, '2019-03-17 23:36:45', '2019-03-17 23:36:45', '17101046_2817.png', NULL, 3, '17101046', 0, 0),
(211, 'ANANTA FEBRIANSYAH', '17101047@ittelkom-pwt.ac.id', NULL, '$2y$10$VmNhdInW8YWngsULPdQs0.QYo.Ef851gBvNFDJJ9EGbj0L/5uK9.u', NULL, '2019-03-17 23:36:45', '2019-03-17 23:36:45', '17101047_9517.png', NULL, 3, '17101047', 0, 0),
(212, 'ARIFIANTO REFANI', '17101048@ittelkom-pwt.ac.id', NULL, '$2y$10$9QEtTpEEiX.CK7Ty8xbwRO09Yw71JapnKFK60EYCjhfd0BnUS/ViG', NULL, '2019-03-17 23:36:45', '2019-03-17 23:36:45', '17101048_1266.png', NULL, 3, '17101048', 0, 0),
(213, 'BAGAS DWI ARIFANY', '17101049@ittelkom-pwt.ac.id', NULL, '$2y$10$kfIceQpze.t5xFemcE3KyOQHh98/zVyXvk4lzSbd4EQwzBuzwkKly', NULL, '2019-03-17 23:36:46', '2019-03-17 23:36:46', '17101049_3543.png', NULL, 3, '17101049', 0, 0),
(214, 'DANIA ANGGRAENI', '17101050@ittelkom-pwt.ac.id', NULL, '$2y$10$fa2bB1XbBk5X/J3CcKynVOsja8bPU3mljbCAOvN8/z.wIHXfQAjK.', NULL, '2019-03-17 23:36:46', '2019-03-17 23:36:46', '17101050_8918.png', NULL, 3, '17101050', 0, 0),
(215, 'DHINY ANGGRAENI', '17101051@ittelkom-pwt.ac.id', NULL, '$2y$10$diMVK6LURpF9mdvC3inWq.en6M8kZOhr5En5HiDpS9d03ARwTyu1O', NULL, '2019-03-17 23:36:46', '2019-03-17 23:36:46', '17101051_8557.png', NULL, 3, '17101051', 0, 0),
(216, 'DION DIFENDER TIPARO', '17101052@ittelkom-pwt.ac.id', NULL, '$2y$10$lBIcPLJrw4MTUQg56POATOd4w23ZovQ3xU29N2T8TBSzuIxVTRgJC', NULL, '2019-03-17 23:36:46', '2019-03-17 23:36:46', '17101052_3393.png', NULL, 3, '17101052', 0, 0),
(217, 'ERIK ANDRIAN', '17101054@ittelkom-pwt.ac.id', NULL, '$2y$10$crsEiaPXxDe/h51ZTNpAi.4CfKEakjmARIRTLf2eMGBTkJMV5yuKu', NULL, '2019-03-17 23:36:46', '2019-03-17 23:36:46', '17101054_8331.png', NULL, 3, '17101054', 0, 0),
(218, 'FAQIH AMATYA HENDRAYAN', '17101055@ittelkom-pwt.ac.id', NULL, '$2y$10$Gb/7/O0TbFnw8hCt.n9S7uGnLDhI88LV1Bo46yCr2uC1SObVvpfM6', NULL, '2019-03-17 23:36:47', '2019-03-17 23:36:47', '17101055_8477.png', NULL, 3, '17101055', 0, 0),
(219, 'FERDINANTA KARO KARO', '17101056@ittelkom-pwt.ac.id', NULL, '$2y$10$HtgNTYaIPdpiCA3ENoZ12eNHRHcDTUxXqqtDzLTWklrpo8Yu5nnr.', NULL, '2019-03-17 23:36:47', '2019-03-17 23:36:47', '17101056_9681.png', NULL, 3, '17101056', 0, 0),
(220, 'GABRIELLA CAROLINE SINULINGGA', '17101057@ittelkom-pwt.ac.id', NULL, '$2y$10$uuHW8BqDpj8zVeE8H5l/peijeAyQL6giO6ltz1y.GEcNQbCJcMrFu', NULL, '2019-03-17 23:36:47', '2019-03-17 23:36:47', '17101057_438.png', NULL, 3, '17101057', 0, 0),
(221, 'GUNAWAN ARIYOGA', '17101058@ittelkom-pwt.ac.id', NULL, '$2y$10$yhKRF8mUGfR2kDNyVIgUJu1Z2cPsV7nJFgZyMYHgnzMcy3z52qmpS', NULL, '2019-03-17 23:36:47', '2019-03-17 23:36:47', '17101058_6782.png', NULL, 3, '17101058', 0, 0),
(222, 'HENDRA EKA SAPUTRA', '17101059@ittelkom-pwt.ac.id', NULL, '$2y$10$q.xEHNywTGp48GEjO4jCg.nAUNXlm2dqpT0buIFvyuWXbv8aPDsQW', NULL, '2019-03-17 23:36:48', '2019-03-17 23:36:48', '17101059_1697.png', NULL, 3, '17101059', 0, 0),
(223, 'INDRA MAULANA MARBUN', '17101060@ittelkom-pwt.ac.id', NULL, '$2y$10$cnQtknaFB4wmdJtp/llhy.qeiPgmfDbzWl6GsCrmt/rDndOZs3OeG', NULL, '2019-03-17 23:36:48', '2019-03-17 23:36:48', '17101060_6851.png', NULL, 3, '17101060', 0, 0),
(224, 'KARUNIA LARASATI', '17101061@ittelkom-pwt.ac.id', NULL, '$2y$10$qXP4ap7is7Nqa4l4BXANEuArTrhLhGGO/msaLr7At8FfvDUyNMFOa', NULL, '2019-03-17 23:36:48', '2019-03-17 23:36:48', '17101061_6559.png', NULL, 3, '17101061', 0, 0),
(225, 'LINDU WAHYU AJI NUGROHO', '17101062@ittelkom-pwt.ac.id', NULL, '$2y$10$.DyobXDN04c3bH3iEv..FOoCom3oYzCbNpM3B3JjWS1QTXBGi242C', NULL, '2019-03-17 23:36:48', '2019-03-17 23:36:48', '17101062_290.png', NULL, 3, '17101062', 0, 0),
(226, 'M. HADI BISMA SEBAYANG', '17101063@ittelkom-pwt.ac.id', NULL, '$2y$10$oCF8r3g2YIYH3G31nnmfZ.LQjYecgq16ggK4RWIOKLDzwUtIYPxR6', NULL, '2019-03-17 23:36:48', '2019-03-17 23:36:48', '17101063_5670.png', NULL, 3, '17101063', 0, 0),
(227, 'MAYANG KARMILA SARI', '17101064@ittelkom-pwt.ac.id', NULL, '$2y$10$FFvOOqBBzDg.VoOMI1YnJOWpIqIYJOEq4hceojftSL2Wno5wyDjKi', NULL, '2019-03-17 23:36:49', '2019-03-17 23:36:49', '17101064_5860.png', NULL, 3, '17101064', 0, 0),
(228, 'MOHAMAD FAIZAL SATRIO NUGROHO', '17101065@ittelkom-pwt.ac.id', NULL, '$2y$10$QUdZpvbG1Uix62LYVZvh5.5U9gvsr7IGYBTQAvsDSCBxwYNwKjPDm', NULL, '2019-03-17 23:36:49', '2019-03-17 23:36:49', '17101065_160.png', NULL, 3, '17101065', 0, 0),
(229, 'MUHAMMAD ALWI ADNAN AMAL', '17101066@ittelkom-pwt.ac.id', NULL, '$2y$10$b8LBS3fVugS4ERj7/gs.iuP7gsoFOqFGB0mDjy.nurd4S2S3cJcjG', NULL, '2019-03-17 23:36:49', '2019-03-17 23:36:49', '17101066_8304.png', NULL, 3, '17101066', 0, 0),
(230, 'MUHAMMAD DZULHAIDAR', '17101067@ittelkom-pwt.ac.id', NULL, '$2y$10$hlOStxmGwEyCCq1vArzY/.FOlzsn7zty44W6ZPLP2/mD17xCD5Idq', NULL, '2019-03-17 23:36:49', '2019-03-17 23:36:49', '17101067_5203.png', NULL, 3, '17101067', 0, 0),
(231, 'MUHAMMAD NANDI AZIZ MOCHTAR', '17101068@ittelkom-pwt.ac.id', NULL, '$2y$10$jc06JVe7CnOfsiVITjzGqOCo1xkkVG2zuwnVKQIRRB0WApZQavFeS', NULL, '2019-03-17 23:36:49', '2019-03-17 23:36:49', '17101068_1673.png', NULL, 3, '17101068', 0, 0),
(232, 'MUHAMMAD SIDIK', '17101069@ittelkom-pwt.ac.id', NULL, '$2y$10$LSrn8Z4jB36cswNTC4eoVuaCTw4rpw8sO68eIb2PZjNwKN3kOml/.', NULL, '2019-03-17 23:36:50', '2019-03-17 23:36:50', '17101069_6133.png', NULL, 3, '17101069', 0, 0),
(233, 'NORMA YUKI PRATIKA', '17101071@ittelkom-pwt.ac.id', NULL, '$2y$10$M6TP90XmnmiOL2aYXCVisuPqXjYhfxAKtSNG4xPqn/yXtk1ZAVqLe', NULL, '2019-03-17 23:36:50', '2019-03-17 23:36:50', '17101071_8499.png', NULL, 3, '17101071', 0, 0),
(234, 'OKKY JANFRIANTA SEMBIRING', '17101072@ittelkom-pwt.ac.id', NULL, '$2y$10$dfGJhqMUkIGV6JGc3huhT.2MijEMQc1QFjhQZavXxoMDRfYeHEHki', NULL, '2019-03-17 23:36:50', '2019-03-17 23:36:50', '17101072_7779.png', NULL, 3, '17101072', 0, 0),
(235, 'PHYRIGIANT RICHO ALBARZANI', '17101073@ittelkom-pwt.ac.id', NULL, '$2y$10$k.a4O8cB7qRuiBKRxZP77ubiyRyBXzZnzwxXg9/aeECxK0XC.4Ve.', NULL, '2019-03-17 23:36:50', '2019-03-17 23:36:50', '17101073_2719.png', NULL, 3, '17101073', 0, 0),
(236, 'RIZAL AL AZHAR', '17101076@ittelkom-pwt.ac.id', NULL, '$2y$10$TnR9D99xAjX7Ykp8gJ/CEeKbk76jJHXCaZiNp0HYQg.raEiRSjMbm', NULL, '2019-03-17 23:36:50', '2019-03-17 23:36:50', '17101076_733.png', NULL, 3, '17101076', 0, 0),
(237, 'ROY JHOSUA BONATAON TAMBUNAN', '17101077@ittelkom-pwt.ac.id', NULL, '$2y$10$SmX.uyU/WIwP7YlVUW.PGORkZ7B2KFyo.IgF6XHsBERGY7MKQGc6y', NULL, '2019-03-17 23:36:51', '2019-03-17 23:36:51', '17101077_6006.png', NULL, 3, '17101077', 0, 0),
(238, 'SHIDQI NAUFAL MUSYAFFA', '17101078@ittelkom-pwt.ac.id', NULL, '$2y$10$6fkmxmw6m9QmYVGKU8lZVunUcFN0B/WcJ0rqiVPFKJYwjGWSgxxG.', NULL, '2019-03-17 23:36:51', '2019-03-17 23:36:51', '17101078_2087.png', NULL, 3, '17101078', 0, 0),
(239, 'SYNATRIA SUBEKTI', '17101079@ittelkom-pwt.ac.id', NULL, '$2y$10$md1v3gTTd5CIF6E6sSaYieaq6nlQinqEz7TFgQUeY4Pezu.A5ktvq', NULL, '2019-03-17 23:36:51', '2019-03-17 23:36:51', '17101079_1609.png', NULL, 3, '17101079', 0, 0),
(240, 'KIKI AMELIA', '17101208@ittelkom-pwt.ac.id', NULL, '$2y$10$bsoTmlyvoXJPLbM8KZiU/OmyI0LziSsf3tzEZlH1a186ye5oN573O', NULL, '2019-03-17 23:36:51', '2019-03-17 23:36:51', '17101208_6804.png', NULL, 3, '17101208', 0, 0),
(241, 'TUAH JIHAN MANULLANG', '13101035@ittelkom-pwt.ac.id', NULL, '$2y$10$/Wzi.AVd.cQOjTAohko1Xeqv74LJ0CxqKkCA3d7rCi/45Y79JujB2', NULL, '2019-03-17 23:36:51', '2019-03-17 23:36:51', '13101035_8605.png', NULL, 3, '13101035', 0, 0),
(242, 'ANDI MUHAMMAD FACHMI MALLOMBASANG', '16101005@ittelkom-pwt.ac.id', NULL, '$2y$10$CtPZ8VhreziqKTD3mVdg8ON5qSw0f3MBDPqyvuJ2DI1tDAGwcE26.', NULL, '2019-03-17 23:36:52', '2019-03-17 23:36:52', '16101005_1972.png', NULL, 3, '16101005', 0, 0),
(243, 'A MIRZA FALAH', '17101001@ittelkom-pwt.ac.id', NULL, '$2y$10$UHmTAIrF..nFX0LRrMnNKODqZPv7s5GvKJar6a0j6oqCRaz0px5/.', NULL, '2019-03-17 23:36:52', '2019-03-17 23:36:52', '17101001_1214.png', NULL, 3, '17101001', 0, 0),
(244, 'ADELIA KENCANA PUTRI', '17101002@ittelkom-pwt.ac.id', NULL, '$2y$10$8YBy8eEIENdyXi1W3.3L2eUsB5JQI0fF6K1j7dR2y52DEdNEFIZgO', NULL, '2019-03-17 23:36:52', '2019-03-17 23:36:52', '17101002_8238.png', NULL, 3, '17101002', 0, 0),
(245, 'AHMAD FAHRIZAL RAMADHAN', '17101003@ittelkom-pwt.ac.id', NULL, '$2y$10$H4IqA.qY/zBzlPSDHpnnL.jgA8tw/oydRFUdlxGPB/VAiZAvDTgCS', NULL, '2019-03-17 23:36:52', '2019-03-17 23:36:52', '17101003_4940.png', NULL, 3, '17101003', 0, 0),
(246, 'AISYAH AYU WULANDARI', '17101004@ittelkom-pwt.ac.id', NULL, '$2y$10$hzdFfqxXjUZIF5WsFVkPkObgYt0ICuIqXf9qeBVA3HHmin3eRtFmK', NULL, '2019-03-17 23:36:53', '2019-03-17 23:36:53', '17101004_6088.png', NULL, 3, '17101004', 0, 0),
(247, 'ALFIANY NUR SAFITRI', '17101005@ittelkom-pwt.ac.id', NULL, '$2y$10$vfzx1q345bLYKb4GAfj2nu0ORBostdV21yT3Qu76QXMBjsJOwNrMm', NULL, '2019-03-17 23:36:53', '2019-03-17 23:36:53', '17101005_6158.png', NULL, 3, '17101005', 0, 0),
(248, 'ANANG BAGUS ROMADHONI', '17101006@ittelkom-pwt.ac.id', NULL, '$2y$10$fhNQdxZuC4oGfz1UprIZg.d3E4W1cpXXLybBjXIMSHOOUPdqlOPOu', NULL, '2019-03-17 23:36:53', '2019-03-17 23:36:53', '17101006_1128.png', NULL, 3, '17101006', 0, 0),
(249, 'ATWATAN MALIK MAHARDI', '17101008@ittelkom-pwt.ac.id', NULL, '$2y$10$Dv330.EgUwLHkn.n1Kx7IOowUMG0okKee.HUnkrFiQ/qIPv.1Dhfm', NULL, '2019-03-17 23:36:53', '2019-03-17 23:36:53', '17101008_1091.png', NULL, 3, '17101008', 0, 0),
(250, 'CINDY TIO HELENA MANURUNG', '17101009@ittelkom-pwt.ac.id', NULL, '$2y$10$4VESHSMliXhrnGFFsmZ6lOiXEwqQlZ8gm7XKFxaHEE9k9HBuRbcOu', NULL, '2019-03-17 23:36:53', '2019-03-17 23:36:53', '17101009_9905.png', NULL, 3, '17101009', 0, 0),
(251, 'DHIA FIKRI ZAM ZAMI', '17101010@ittelkom-pwt.ac.id', NULL, '$2y$10$V5N3NGDvIUcpnalC.4QCg.fuPnjmibP7U8Ln/LXi13XOM6SV/0KDW', NULL, '2019-03-17 23:36:54', '2019-03-17 23:36:54', '17101010_4515.png', NULL, 3, '17101010', 0, 0),
(252, 'DIMAS RYANDI', '17101011@ittelkom-pwt.ac.id', NULL, '$2y$10$5p2UFHOfJ4BThaTGBsStFO496w1m07RT9XfWXXBWeXMJEOMpgDyX6', NULL, '2019-03-17 23:36:54', '2019-03-17 23:36:54', '17101011_6660.png', NULL, 3, '17101011', 0, 0),
(253, 'DYAH HAYU RETNOSARI WAHYUNINGTYAS', '17101012@ittelkom-pwt.ac.id', NULL, '$2y$10$RzXzf6mCNjTUpWwEXaPtWOthVm56X7s2lkAMImuKqufSqlmTsDQpu', NULL, '2019-03-17 23:36:54', '2019-03-17 23:36:54', '17101012_4075.png', NULL, 3, '17101012', 0, 0),
(254, 'ENDAH NOVITA SARI', '17101013@ittelkom-pwt.ac.id', NULL, '$2y$10$zhmL3jres820yKp7SH/OOOrzhj4pecJEJdKOEV6l982B63gX7x5ZC', NULL, '2019-03-17 23:36:54', '2019-03-17 23:36:54', '17101013_8938.png', NULL, 3, '17101013', 0, 0),
(255, 'FANUR HAYATI', '17101014@ittelkom-pwt.ac.id', NULL, '$2y$10$C2DGsOqDT/qAXSsIu9iN2O8p7sjYQFDnPVH4nrW2DN9TVWwyWll2i', NULL, '2019-03-17 23:36:54', '2019-03-17 23:36:54', '17101014_5044.png', NULL, 3, '17101014', 0, 0),
(256, 'FENI PERIWANTI SARAGIH', '17101015@ittelkom-pwt.ac.id', NULL, '$2y$10$dF4p50CJWuOJSMBFOaPEvOuh.u9jVP6WmDFdA2pNGUdoDBN9rhham', NULL, '2019-03-17 23:36:55', '2019-03-19 11:36:29', '17101015_6501.png', '+62082386932492', 3, '17101015', 0, 0),
(257, 'FRIDA SALMA HIJRYA', '17101016@ittelkom-pwt.ac.id', NULL, '$2y$10$yAKUE18wfvFf.Nb0Q8Rhr.Tb8cSFntq/srAOwz/dRF2ILTWQg1AP2', 'uMN0Zpqtq1IYg4uF9wQUbMOTX7xBQeLmKSY8ZTiONAGyM3F36LY8aUlYnh7D', '2019-03-17 23:36:55', '2019-03-17 23:36:55', '17101016_4857.png', NULL, 3, '17101016', 0, 0),
(258, 'HAZIA RIFKA MAULIDA', '17101018@ittelkom-pwt.ac.id', NULL, '$2y$10$uAqAHIqmVB0QmDnommq48uDBpCxVgMZ6WXNzAT1reJNEhKGy2tkSa', NULL, '2019-03-17 23:36:55', '2019-03-17 23:36:55', '17101018_5185.png', NULL, 3, '17101018', 0, 0),
(259, 'IKRAM MUH. AASIF', '17101019@ittelkom-pwt.ac.id', NULL, '$2y$10$mVal0SgKvSSkDwF./F6ItOxaYRCuLNnNq172RC5o5NABr0az.bP4W', NULL, '2019-03-17 23:36:55', '2019-03-17 23:36:55', '17101019_6520.png', NULL, 3, '17101019', 0, 0),
(260, 'IVAN PRATAMA SUDIRMAN', '17101020@ittelkom-pwt.ac.id', NULL, '$2y$10$JUzMG.ZBgpmysaEhaFlYLOzopmNKa9HZmklgOHeNSefdkxvl6kqDC', NULL, '2019-03-17 23:36:55', '2019-03-17 23:36:55', '17101020_263.png', NULL, 3, '17101020', 0, 0),
(261, 'LATIFAH ZAIN NUR AINI', '17101021@ittelkom-pwt.ac.id', NULL, '$2y$10$ljGWB1V6T73nqh/0g4Jl2uXP/Cu4DNhdPBalet9a1AUEZzBGo6mfa', NULL, '2019-03-17 23:36:56', '2019-03-17 23:36:56', '17101021_7466.png', NULL, 3, '17101021', 0, 0),
(262, 'M. BILAL', '17101022@ittelkom-pwt.ac.id', NULL, '$2y$10$tyYH7SF3Xv2gy03tVHInKOhA5Hm4LrEfT52NjBW.i7plHfWvdBaDu', NULL, '2019-03-17 23:36:56', '2019-03-17 23:36:56', '17101022_2475.png', NULL, 3, '17101022', 0, 0),
(263, 'MIFTAKHUDIN YUSUF', '17101024@ittelkom-pwt.ac.id', NULL, '$2y$10$5ivPr2QqCEQHivrNOJynIeTLKP.jT4x8BJus.w9ApCjZ9WOIK5zMW', NULL, '2019-03-17 23:36:56', '2019-03-17 23:36:56', '17101024_6705.png', NULL, 3, '17101024', 0, 0),
(264, 'MUHAMAD ZULFATON LUHUR PRATAMA', '17101025@ittelkom-pwt.ac.id', NULL, '$2y$10$gQRnpdEOaEwvGbJNvSOg9OraU/WevWj2Fa47C4fZK7akvXCmEhAdu', NULL, '2019-03-17 23:36:56', '2019-03-17 23:36:56', '17101025_7908.png', NULL, 3, '17101025', 0, 0),
(265, 'MUHAMMAD RIZKY CHOIRMAN', '17101028@ittelkom-pwt.ac.id', NULL, '$2y$10$vp8.s8LR9sF4mH58SjXrtewNFyINzNFRVvioL36JbjgGd8xPpRFDC', NULL, '2019-03-17 23:36:57', '2019-03-17 23:36:57', '17101028_6229.png', NULL, 3, '17101028', 0, 0),
(266, 'MUHAMMAD ZUKHRUF ABIDI', '17101029@ittelkom-pwt.ac.id', NULL, '$2y$10$YoCYq95rl9NaPSOJ.0nrfOVkiqk.mRzn9idDwPx63JDWJNq3XV3o6', NULL, '2019-03-17 23:36:57', '2019-03-17 23:36:57', '17101029_8596.png', NULL, 3, '17101029', 0, 0),
(267, 'NAUFAL ALAUDDIN YUSUF', '17101030@ittelkom-pwt.ac.id', NULL, '$2y$10$.gS0.PFNuo9fJcR7SfyFcOab6fXIVQLi.URtumqWfykJmHgJec0XG', NULL, '2019-03-17 23:36:57', '2019-03-17 23:36:57', '17101030_927.png', NULL, 3, '17101030', 0, 0),
(268, 'OBED JUNIFER HUTAPEA', '17101031@ittelkom-pwt.ac.id', NULL, '$2y$10$5AFwpLKax1PRn2rynTWtE.D4bpWwNtPHMEtknYdAVEwCkRCT/5Yiu', NULL, '2019-03-17 23:36:57', '2019-03-17 23:36:57', '17101031_4861.png', NULL, 3, '17101031', 0, 0),
(269, 'PEBRIADI .S', '17101032@ittelkom-pwt.ac.id', NULL, '$2y$10$.lgBtbe68uD7mPNaluCznuYNjTMWpz8U5alZ0fbe13M1QTNW.G.aq', NULL, '2019-03-17 23:36:58', '2019-03-17 23:36:58', '17101032_1756.png', NULL, 3, '17101032', 0, 0),
(270, 'RAHADIAN AGSIS DARMAWAN', '17101033@ittelkom-pwt.ac.id', NULL, '$2y$10$4akDMDXygdwfgcdnQI4y4u/MiLmLeTDOOyKoSxhoyd6tH40LE00xa', NULL, '2019-03-17 23:36:58', '2019-03-17 23:36:58', '17101033_4797.png', NULL, 3, '17101033', 0, 0),
(271, 'REZA KURNIAWAN', '17101034@ittelkom-pwt.ac.id', NULL, '$2y$10$rOGjgj.W9Cq9qx9qqfSIgOOA0rzU8XqjQAPN47WzD4wtxfpEFYkMu', NULL, '2019-03-17 23:36:58', '2019-03-17 23:36:58', '17101034_2813.png', NULL, 3, '17101034', 0, 0),
(272, 'RIFQI FAUZAN', '17101035@ittelkom-pwt.ac.id', NULL, '$2y$10$PVs9G2X8KaTqZxwrWdOjceKIXERD3Ew.bHc.lgszhs2AiEOHYteQ.', NULL, '2019-03-17 23:36:58', '2019-03-17 23:36:58', '17101035_7642.png', NULL, 3, '17101035', 0, 0),
(273, 'RORY ARYA PERMANA', '17101036@ittelkom-pwt.ac.id', NULL, '$2y$10$W0zVnX9ydcqxcwkRLvsBQekOa2k9CS63RetM49nPVRXqBgMbc29xe', NULL, '2019-03-17 23:36:58', '2019-03-17 23:36:58', '17101036_5759.png', NULL, 3, '17101036', 0, 0),
(274, 'SAS NURHIDAYATI BR TARIGAN', '17101037@ittelkom-pwt.ac.id', NULL, '$2y$10$e5osJ6LAuHfh8KmMzo602ucGunvSaNEjCCRqnqP1herexxB0GyC0W', NULL, '2019-03-17 23:36:59', '2019-03-17 23:36:59', '17101037_1007.png', NULL, 3, '17101037', 0, 0),
(275, 'SYARIFAH NURJANNAH', '17101038@ittelkom-pwt.ac.id', NULL, '$2y$10$fi97OMyMSDhcrjQXZ43QjuMtQQZWYCjrQf5FzKUMSsq7AdpaqA/I6', NULL, '2019-03-17 23:36:59', '2019-03-17 23:36:59', '17101038_7145.png', NULL, 3, '17101038', 0, 0),
(276, 'VI BAUTY RISKA UTAMI', '17101039@ittelkom-pwt.ac.id', NULL, '$2y$10$TqjcnjfUoVSRDw1XOzZd.OSub2w2PI9e3WE0BaPonAxZyxAtTeQCe', NULL, '2019-03-17 23:36:59', '2019-03-17 23:36:59', '17101039_8340.png', NULL, 3, '17101039', 0, 0),
(277, 'YOGA ADI PERMANA', '17101040@ittelkom-pwt.ac.id', NULL, '$2y$10$.OEGxmUlUqbmlxtaGVBfr.dYQPr98F1km76NA5IucY1ve11stNm1W', NULL, '2019-03-17 23:36:59', '2019-03-17 23:36:59', '17101040_721.png', NULL, 3, '17101040', 0, 0),
(278, 'YUSUF BUDI SETYOSO', '14101117@ittelkom-pwt.ac.id', NULL, '$2y$10$20Ssi31mv7Nv2Mqlct0edO0hZQQHsog7YJ1nCBbEPpOkxbOrDz1QK', NULL, '2019-03-17 23:36:59', '2019-03-17 23:36:59', '14101117_7921.png', NULL, 3, '14101117', 0, 0),
(279, 'YOLANDA FHEBYOLA PANGARIBUAN', '17101081@ittelkom-pwt.ac.id', NULL, '$2y$10$5NwN028lxN7nJEFGYMIpyuUUTgkdguSzyJJg5hwT/B.j4B8zsyva2', NULL, '2019-03-17 23:37:00', '2019-03-17 23:37:00', '17101081_5121.png', NULL, 3, '17101081', 0, 0),
(280, 'ACHMAD KIRANG', '17101082@ittelkom-pwt.ac.id', NULL, '$2y$10$02R/C60AmiiB0l4eRYX/herZctu0EU48jgun.BpfKvfEYED4ws5vS', NULL, '2019-03-17 23:37:00', '2019-03-17 23:37:00', '17101082_769.png', NULL, 3, '17101082', 0, 0),
(281, 'ZUHAIR YAHYA', '17101083@ittelkom-pwt.ac.id', NULL, '$2y$10$51lmx8tjtQ5wYW8XsXqzX.2RX17GKq2jBvHjiRH957FPIOiFVEM6G', NULL, '2019-03-17 23:37:00', '2019-03-17 23:37:00', '17101083_4948.png', NULL, 3, '17101083', 0, 0),
(282, 'AFIF NUR DZAKI', '17101084@ittelkom-pwt.ac.id', NULL, '$2y$10$EqLp.NlCeHZdRP.v1c9Lv.Rwzj.WwhhpCzFK5uVzwNDzMWr97Xrgq', NULL, '2019-03-17 23:37:00', '2019-03-17 23:37:00', '17101084_6744.png', NULL, 3, '17101084', 0, 0),
(283, 'AHMAD LUTHFI', '17101085@ittelkom-pwt.ac.id', NULL, '$2y$10$waDY8PluxYHqO9g7bJEb2.vmQUYX.z0sJEBm.P.t67cOB3DJgSeXy', NULL, '2019-03-17 23:37:01', '2019-03-17 23:37:01', '17101085_4225.png', NULL, 3, '17101085', 0, 0),
(284, 'AKHMAD SABIAS KHAMDANI', '17101086@ittelkom-pwt.ac.id', NULL, '$2y$10$DC92hFd6W0KmgqzcoLN5wObXsHpwafWif/1lo3Oj2THadFUWB0Xyq', NULL, '2019-03-17 23:37:01', '2019-03-17 23:37:01', '17101086_7399.png', NULL, 3, '17101086', 0, 0),
(285, 'ALMASY SYAHIDAH', '17101087@ittelkom-pwt.ac.id', NULL, '$2y$10$EpB037EN4Nwyo7oAwXvwhuKHSHHWTVg1poN/YnovTI8LVFeAmkNeq', NULL, '2019-03-17 23:37:01', '2019-03-17 23:37:01', '17101087_4319.png', NULL, 3, '17101087', 0, 0),
(286, 'ANDI PRASETYO', '17101088@ittelkom-pwt.ac.id', NULL, '$2y$10$hdC9F4Hs6cRMQ4tVZHXBgO/AxuakTHi02cP7uM5sftSxp9wBWbLMu', NULL, '2019-03-17 23:37:01', '2019-03-17 23:37:01', '17101088_5546.png', NULL, 3, '17101088', 0, 0),
(287, 'ARIQ MUHAMMAD RIZQY', '17101089@ittelkom-pwt.ac.id', NULL, '$2y$10$TLq35a0tW9zvUHokzSnwb.D1ER/vx7R9TTP98x5JTdBmsEaPwPjJi', NULL, '2019-03-17 23:37:01', '2019-03-17 23:37:01', '17101089_404.png', NULL, 3, '17101089', 0, 0),
(288, 'BAGUS ARDIANSYAH', '17101090@ittelkom-pwt.ac.id', NULL, '$2y$10$a/wiW.y1DJLLYpbfc.4nPesvuLS7UJYaR6SQPGNV5E/AbHsQrX21S', 'edvKTVFyVEOaKJtM4ewHhsONwgj49oTFqQQjzGS86vlrFCqvQWYY2WpcUXI6', '2019-03-17 23:37:02', '2019-03-17 23:37:02', '17101090_3867.png', NULL, 3, '17101090', 0, 0),
(289, 'DANIERA SHIFNA TAQIYYA', '17101091@ittelkom-pwt.ac.id', NULL, '$2y$10$lCBbbwdrHF9Ga6ZJnxVRMODjLrGaiOnuKLsSp/u4AWOKvCW2J7cGC', NULL, '2019-03-17 23:37:02', '2019-03-17 23:37:02', '17101091_938.png', NULL, 3, '17101091', 0, 0),
(290, 'DIAZ BAGUS RENALDY', '17101092@ittelkom-pwt.ac.id', NULL, '$2y$10$MK21vmtcRxU1kn8kk30Hm.7ksFwUHrzRGeVxNpvBa86Cy3S5BHBBy', NULL, '2019-03-17 23:37:02', '2019-03-17 23:37:02', '17101092_6810.png', NULL, 3, '17101092', 0, 0),
(291, 'DIYAH FEMILIA', '17101093@ittelkom-pwt.ac.id', NULL, '$2y$10$Ip/ZYFi.ygHDtWIZZuoDyOqzIBPWcNe0BaHFNYNpaIiYF8tE8KM7i', NULL, '2019-03-17 23:37:02', '2019-03-17 23:37:02', '17101093_719.png', NULL, 3, '17101093', 0, 0),
(292, 'EKA YUNI ARSIH', '17101094@ittelkom-pwt.ac.id', NULL, '$2y$10$a.KvCYXoceQvQUyrTHH6VOgHZ1Cba5unNo/DvyXgy579OYRvsZiAe', 'PrMvHymdVo9XXecOJen65zkcknR27JTBXq4yI8OxHkPalecfpAXER7ILVn66', '2019-03-17 23:37:02', '2019-03-17 23:37:02', '17101094_7307.png', NULL, 3, '17101094', 0, 0),
(293, 'ERVAN FAJAR', '17101095@ittelkom-pwt.ac.id', NULL, '$2y$10$/14c0SbdJVAVI9pFpzZ/xewFr43wdLbTYUlCha4khNLLXun.7YY.y', NULL, '2019-03-17 23:37:03', '2019-03-17 23:37:03', '17101095_8612.png', NULL, 3, '17101095', 0, 0),
(294, 'FATHURROZAQ FADLAN', '17101096@ittelkom-pwt.ac.id', NULL, '$2y$10$CxbGTSCp/TCi7LkTVipJGuKeWOxNA/PyGvsbXNfomuFvCnwx2AoA.', NULL, '2019-03-17 23:37:03', '2019-03-17 23:37:03', '17101096_8145.png', NULL, 3, '17101096', 0, 0),
(295, 'FERRY ERWANTO', '17101097@ittelkom-pwt.ac.id', NULL, '$2y$10$JgJ/ogPWRdsjejHpsnh0DOBXIjhuW8BCRsXJGGzg7Pt2dmBPruis2', NULL, '2019-03-17 23:37:03', '2019-03-17 23:37:03', '17101097_6044.png', NULL, 3, '17101097', 0, 0),
(296, 'GANTENG SIGIT LAZUARDI', '17101098@ittelkom-pwt.ac.id', NULL, '$2y$10$8KpzBBQJ5CmNgEEx8RV9IOlQq4JCzA6tLrmbAWmSUbh0m4LAvic8y', NULL, '2019-03-17 23:37:03', '2019-03-17 23:37:03', '17101098_8878.png', NULL, 3, '17101098', 0, 0),
(297, 'HAIDAR NASHIRUDDIN', '17101099@ittelkom-pwt.ac.id', NULL, '$2y$10$t6WWp9QLuGDKursmt1BR5.68orbPTISPk90bHBGSox5BmQYmZ/kba', NULL, '2019-03-17 23:37:04', '2019-03-17 23:37:04', '17101099_8803.png', NULL, 3, '17101099', 0, 0),
(298, 'HERLINA SITOMPUL', '17101100@ittelkom-pwt.ac.id', NULL, '$2y$10$lN0WD32U4mQHOYYvbiexDOCHaxtjiTVpXcr70PBwhtBo3VDIo/G1a', NULL, '2019-03-17 23:37:04', '2019-03-17 23:37:04', '17101100_4637.png', NULL, 3, '17101100', 0, 0),
(299, 'IRWANSYAH SOLEHUDDIN', '17101101@ittelkom-pwt.ac.id', NULL, '$2y$10$t23ZYQX1Cr9K8ZQ7j65XxeINjMzRdsq.xpeCbE7i.OdBXxa8hLNVq', NULL, '2019-03-17 23:37:04', '2019-03-17 23:37:04', '17101101_9474.png', NULL, 3, '17101101', 0, 0),
(300, 'LISA PANGESTI', '17101103@ittelkom-pwt.ac.id', NULL, '$2y$10$aLegJACFiSSDjW4SuuMtNOzzFdu6OrvGK2KP7vwzJXqZBAkZQ6/du', NULL, '2019-03-17 23:37:04', '2019-03-17 23:37:04', '17101103_8506.png', NULL, 3, '17101103', 0, 0),
(301, 'M. ALVIN PUTRA RAHMAN', '17101104@ittelkom-pwt.ac.id', NULL, '$2y$10$ftTFY3504TBwxHc.mYSh..jNRTBU//TiL6feoh.jMOwEWg/z0Ppd6', NULL, '2019-03-17 23:37:04', '2019-03-17 23:37:04', '17101104_1274.png', NULL, 3, '17101104', 0, 0),
(302, 'MEGA SAFIRA NURAENI', '17101105@ittelkom-pwt.ac.id', NULL, '$2y$10$u8skhr41/reFxTPYzW4u7.UfolWzv5xPqlhCogj3UKjTRijxgfv.2', NULL, '2019-03-17 23:37:05', '2019-03-17 23:37:05', '17101105_3643.png', NULL, 3, '17101105', 0, 0),
(303, 'MOHAMAD IBNU FADILLAH', '17101106@ittelkom-pwt.ac.id', NULL, '$2y$10$iHmlb/kxPH2UBxyu9Q0lkus7E379KC7BB2lBX2lPN/lmuXWv1zmd.', NULL, '2019-03-17 23:37:05', '2019-03-17 23:37:05', '17101106_187.png', NULL, 3, '17101106', 0, 0),
(304, 'MUHAMMAD ARLI FAUZI', '17101107@ittelkom-pwt.ac.id', NULL, '$2y$10$dErUY/zKppnlYlgc2RzrkeJGMQXFQv93tqb4gYzRLffBtWqyf5CWq', NULL, '2019-03-17 23:37:05', '2019-03-17 23:37:05', '17101107_9941.png', NULL, 3, '17101107', 0, 0),
(305, 'MUHAMMAD NAUFAL AMMAR', '17101109@ittelkom-pwt.ac.id', NULL, '$2y$10$UYNc4CuxWu1ZivzkwFwmW.0XytvRfkqoHq8LXQQPvwVH9e9qF54oa', NULL, '2019-03-17 23:37:05', '2019-03-17 23:37:05', '17101109_2321.png', NULL, 3, '17101109', 0, 0),
(306, 'MUHAMMAD SYAHID AL AZIZ', '17101110@ittelkom-pwt.ac.id', NULL, '$2y$10$MmUeAXqbMjn9J3D..FzwGuQ3PpVgjkNrfuhIfD2j9ozcV6RhjZQvq', NULL, '2019-03-17 23:37:06', '2019-03-17 23:37:06', '17101110_5891.png', NULL, 3, '17101110', 0, 0),
(307, 'NADA FEBIOLA NUR AZIZAH', '17101111@ittelkom-pwt.ac.id', NULL, '$2y$10$1W3i7Q5htZGH.RUyjf/K7umq0TUhF7f0CItd7kYp2LJQewJGpS9Iy', NULL, '2019-03-17 23:37:06', '2019-03-17 23:37:06', '17101111_4773.png', NULL, 3, '17101111', 0, 0),
(308, 'PUTRI INTAN DIAS ANGGIARTI', '17101114@ittelkom-pwt.ac.id', NULL, '$2y$10$4dKeBDJrO8bSsWZUemU.fevafdFkGROIhN8chJzmntRFP4pwHKatu', NULL, '2019-03-17 23:37:06', '2019-03-17 23:37:06', '17101114_3708.png', NULL, 3, '17101114', 0, 0),
(309, 'RAMA PANJI PRAKOSO', '17101115@ittelkom-pwt.ac.id', NULL, '$2y$10$9CP6APmJFcBGuq6MzICZlObymLMmxjPnc8ddEKCuTg2S7aX9l2Unm', NULL, '2019-03-17 23:37:06', '2019-03-17 23:37:06', '17101115_246.png', NULL, 3, '17101115', 0, 0),
(310, 'RIBKA ANGGRIANI SIDABUTAR', '17101116@ittelkom-pwt.ac.id', NULL, '$2y$10$ucj1/yfgpO8ivOu4gofvzeYwP21TDD/LhNaqNuIT8n2cnxJZ/vZFi', NULL, '2019-03-17 23:37:06', '2019-03-17 23:37:06', '17101116_8188.png', NULL, 3, '17101116', 0, 0),
(311, 'RYAN ANDRE APRILLIAN', '17101118@ittelkom-pwt.ac.id', NULL, '$2y$10$WhaXzgV9ErD/RFz.77/uXO2M7G5FrdUJUBBRU8VFRXMPqcIwt4E/q', NULL, '2019-03-17 23:37:07', '2019-03-17 23:37:07', '17101118_6975.png', NULL, 3, '17101118', 0, 0),
(312, 'SHOFIA FAUZIYAH', '17101119@ittelkom-pwt.ac.id', NULL, '$2y$10$iLMQZqqNcYb6OVf/WgxWPOQ.v1vXA3sxoJ5xESqdyiCeSQlBAI33e', NULL, '2019-03-17 23:37:07', '2019-03-17 23:37:07', '17101119_5446.png', NULL, 3, '17101119', 0, 0),
(313, 'TEUKU MUDA MAHUZZA FITRAH', '17101120@ittelkom-pwt.ac.id', NULL, '$2y$10$4I1Rfmoz4eHMaHWBlOmU4uKIAYa6q/kobtpbQsbucdVOK.kZjvJmu', NULL, '2019-03-17 23:37:07', '2019-03-17 23:37:07', '17101120_6344.png', NULL, 3, '17101120', 0, 0),
(314, 'WAHYU JUNIANTO', '17101121@ittelkom-pwt.ac.id', NULL, '$2y$10$/C75FqqNWeh5Q/Ki5qheD.Hb725EmD1QRpIeTFeTAygYOWRy9XsjK', NULL, '2019-03-17 23:37:07', '2019-03-17 23:37:07', '17101121_4960.png', NULL, 3, '17101121', 0, 0),
(315, 'AMOR WAHYU JUMANTORO', '17101168@ittelkom-pwt.ac.id', NULL, '$2y$10$mX9hbJmkro7JhyFGLTP0M.XUT1za5P8fVeBHb1DnBlhAiy0t664i6', NULL, '2019-03-17 23:37:08', '2019-03-17 23:37:08', '17101168_208.png', NULL, 3, '17101168', 0, 0),
(316, 'MAULANA WAHYU PUTRA MALIANDANU', '17101185@ittelkom-pwt.ac.id', NULL, '$2y$10$445bcY/krhS5EcxEZHhb4uGRSO15YrWXuZkTGu4s.Zno7lU.8zlUG', NULL, '2019-03-17 23:37:08', '2019-03-17 23:37:08', '17101185_6381.png', NULL, 3, '17101185', 0, 0),
(317, 'MUHAMMAD BIMA SETYA DEWANTARA', '17101188@ittelkom-pwt.ac.id', NULL, '$2y$10$gC4IwAQsMuKv8OkWfs5SNeLbMDlm.quFavhcFOmXwfmPkO.U3m332', NULL, '2019-03-17 23:37:08', '2019-03-17 23:37:08', '17101188_3974.png', NULL, 3, '17101188', 0, 0),
(318, 'AZIZ MUHAMAD NADZIR', '14101043@ittelkom-pwt.ac.id', NULL, '$2y$10$B1RQjzj.DAfnEAY2UgJMEuJ2MxdwxqG7KklRie51rwIuFU5HkAT7a', NULL, '2019-03-17 23:37:08', '2019-03-17 23:37:08', '14101043_6956.png', NULL, 3, '14101043', 0, 0),
(319, 'YORDHANA FAHADT KUSUMA', '17101122@ittelkom-pwt.ac.id', NULL, '$2y$10$.2rWSGM5RXU3N8AubWZfT.WJfd0YTCfinaJDmlSm5kdinV3KBEN4m', NULL, '2019-03-17 23:37:09', '2019-03-17 23:37:09', '17101122_8885.png', NULL, 3, '17101122', 0, 0),
(320, 'AGUNG KURNIAWAN TARUNO', '17101123@ittelkom-pwt.ac.id', NULL, '$2y$10$rlpZ0cvYARN.7g7Pncv8HeKsl6QtBGbOsDz4m8Y49CZZNAv.5M2vy', NULL, '2019-03-17 23:37:09', '2019-03-17 23:37:09', '17101123_1688.png', NULL, 3, '17101123', 0, 0),
(321, 'ADE KURNIAWAN', '17101124@ittelkom-pwt.ac.id', NULL, '$2y$10$dSkHngRyi3hCYed8Xmk6CeDkP2YN0TXowTb5azDPOzhp4P6uE6mOK', NULL, '2019-03-17 23:37:09', '2019-03-17 23:37:09', '17101124_9194.png', NULL, 3, '17101124', 0, 0),
(322, 'AHMAD TAN\'GI SUHAIRI TARIGAN', '17101126@ittelkom-pwt.ac.id', NULL, '$2y$10$NY/aSrQkgwMaFyduRvQinO4ZBXL1JNn61a6ebPahk8HeWHgbCyoX2', NULL, '2019-03-17 23:37:09', '2019-03-17 23:37:09', '17101126_4485.png', NULL, 3, '17101126', 0, 0),
(323, 'AKHMAD SAEFUL PRAYITNO', '17101127@ittelkom-pwt.ac.id', NULL, '$2y$10$3Bs3nj5uEVlahO.muZm45edmcCLCPUmPU7MRojIDZEpytevahqy.6', NULL, '2019-03-17 23:37:10', '2019-03-17 23:37:10', '17101127_1655.png', NULL, 3, '17101127', 0, 0),
(324, 'ALVIN ADI ISWANTO', '17101128@ittelkom-pwt.ac.id', NULL, '$2y$10$AF94daTrZDqk.MFKkFfWV.fot84lY9bHITSUwG.GPCQOdMljeEcsC', NULL, '2019-03-17 23:37:10', '2019-03-17 23:37:10', '17101128_3534.png', NULL, 3, '17101128', 0, 0),
(325, 'ARVY ALIF PRAMUDYO RACHMAN', '17101130@ittelkom-pwt.ac.id', NULL, '$2y$10$gzTi8yMnGnXUE7X2auuj6eUGWIjIaMsHyORPW6Di8CPQNFpMEPUw.', NULL, '2019-03-17 23:37:10', '2019-03-17 23:37:10', '17101130_2638.png', NULL, 3, '17101130', 0, 0),
(326, 'CAHYADI SEPTIAN PONTOH BESLAR', '17101131@ittelkom-pwt.ac.id', NULL, '$2y$10$P2db1cu0FMAx2IucPWYCa.ll2FPfCZYc1T3gaEgfjEdRBZ9SZb5ke', NULL, '2019-03-17 23:37:10', '2019-03-17 23:37:10', '17101131_9168.png', NULL, 3, '17101131', 0, 0),
(327, 'DEARA DWI RAHMADANI', '17101132@ittelkom-pwt.ac.id', NULL, '$2y$10$AiwinHIXD9WUEE6DbqWr5uhK9GTPQWvB7M0qRU5cU1VLjTYSQxLvi', NULL, '2019-03-17 23:37:11', '2019-03-17 23:37:11', '17101132_6594.png', NULL, 3, '17101132', 0, 0),
(328, 'DIKKO PRAMUDYA', '17101133@ittelkom-pwt.ac.id', NULL, '$2y$10$JXZk8bumZhUXO.hojmyLu.Nh37UjjxPIbOQRIvxSPt6RD42F4K9pm', NULL, '2019-03-17 23:37:11', '2019-03-17 23:37:11', '17101133_5329.png', NULL, 3, '17101133', 0, 0),
(329, 'DONNY ARIEF OKTAVIAN', '17101134@ittelkom-pwt.ac.id', NULL, '$2y$10$Om9R.zVWdifK8Yp2JhHAwu698u/HcDS.Dnqca7T..sR7k6ypKmPwG', NULL, '2019-03-17 23:37:11', '2019-03-17 23:37:11', '17101134_7107.png', NULL, 3, '17101134', 0, 0),
(330, 'EKO BAYU GALIH SETIAWAN', '17101135@ittelkom-pwt.ac.id', NULL, '$2y$10$kjlooPutc.UoBQjkalFeWO7V4420hRecL805V8D7NTZ8j6Isbt9tu', NULL, '2019-03-17 23:37:11', '2019-03-17 23:37:11', '17101135_6919.png', NULL, 3, '17101135', 0, 0),
(331, 'ERWIN STEVE FERNANDO SIHOMBING', '17101136@ittelkom-pwt.ac.id', NULL, '$2y$10$hXJEJ6Ety9Y4kD6E2V85P.9hVrnpqlcEdyY.0n5INuKkvamc80Fmy', NULL, '2019-03-17 23:37:12', '2019-03-17 23:37:12', '17101136_2696.png', NULL, 3, '17101136', 0, 0),
(332, 'FAUZUHRI SAEFUL MANAF', '17101137@ittelkom-pwt.ac.id', NULL, '$2y$10$67OaTv8m.zjm8SKKkU/Vn.Sn/ht0MJOk99yODjRPrtxay8D2/ZsJS', NULL, '2019-03-17 23:37:12', '2019-03-17 23:37:12', '17101137_115.png', NULL, 3, '17101137', 0, 0),
(333, 'GERALD KENCANA SRI BUANA', '17101139@ittelkom-pwt.ac.id', NULL, '$2y$10$sNv6JYhPmCE/TIpeIW3NwuHEsy7hOD6kHGz7kQKEwbEJqMI7AhEkm', NULL, '2019-03-17 23:37:12', '2019-03-17 23:37:12', '17101139_8331.png', NULL, 3, '17101139', 0, 0),
(334, 'HANAFI RIZAL RAIS', '17101140@ittelkom-pwt.ac.id', NULL, '$2y$10$3m9SLnXBapdy1u.Tjgm2RO9wYsty9eJQqNpL1Fq4I.1.9eRGKom.C', NULL, '2019-03-17 23:37:12', '2019-03-17 23:37:12', '17101140_290.png', NULL, 3, '17101140', 0, 0),
(335, 'HUMUL RIZAL FAUZI', '17101141@ittelkom-pwt.ac.id', NULL, '$2y$10$e7VCijA3fvMwbnLcuOOWGO.mNYQlLUBI1RVweAeFot/q0YLCQ0gKW', NULL, '2019-03-17 23:37:13', '2019-03-17 23:37:13', '17101141_7757.png', NULL, 3, '17101141', 0, 0),
(336, 'ISLAMIANTO HUDAN RAHARJO', '17101142@ittelkom-pwt.ac.id', NULL, '$2y$10$hnXBUPGg5Ojgzsl1XEnBLeyEOnSlkRJaSR0eTd9sG7GhMHI.whcUe', NULL, '2019-03-17 23:37:13', '2019-03-17 23:37:13', '17101142_3701.png', NULL, 3, '17101142', 0, 0),
(337, 'KHANSA NABILAH', '17101143@ittelkom-pwt.ac.id', NULL, '$2y$10$Irtik90MKd/mBoT8Sr.QkeT4SERA4Wy4.vqTGoroqmoLwzC/G8duC', NULL, '2019-03-17 23:37:13', '2019-03-17 23:37:13', '17101143_9806.png', NULL, 3, '17101143', 0, 0),
(338, 'LU\'LU\' HASNA\' MAHDIYAH', '17101144@ittelkom-pwt.ac.id', NULL, '$2y$10$GW5GrWxLG78N2yNd3je2aO4Q/XPL0VJnuwX5VED358Mw7X5vzmKRi', NULL, '2019-03-17 23:37:14', '2019-03-17 23:37:14', '17101144_3258.png', NULL, 3, '17101144', 0, 0),
(339, 'M.RAFIE BAYU PRATAMA', '17101145@ittelkom-pwt.ac.id', NULL, '$2y$10$vTNJ2QvXRpAn8W8zi6aBlu0v4iCcqdWY/Ka6FrQmPYa0HBAbofKq2', NULL, '2019-03-17 23:37:14', '2019-03-17 23:37:14', '17101145_9652.png', NULL, 3, '17101145', 0, 0),
(340, 'MELIA MISPRIATIN', '17101146@ittelkom-pwt.ac.id', NULL, '$2y$10$4CNu73rFYHMspnmvaopH9enqHNaENkFPWSRwJ9uSTFAkoMNDB.3BK', NULL, '2019-03-17 23:37:14', '2019-03-17 23:37:14', '17101146_1546.png', NULL, 3, '17101146', 0, 0),
(341, 'MUHAMAD IQBAL', '17101147@ittelkom-pwt.ac.id', NULL, '$2y$10$wx8oZhkg6XN66hFMw9joue85LpZ.nSyAlFlToFkSc9Hm1D0VK.kRG', NULL, '2019-03-17 23:37:14', '2019-03-17 23:37:14', '17101147_6116.png', NULL, 3, '17101147', 0, 0),
(342, 'MUHAMMAD AULIA BAIHAQY', '17101148@ittelkom-pwt.ac.id', NULL, '$2y$10$3eOPNzUKyKD3MVISCndnPeCGnCTFa145D5ZIejxyc7dCPADCH8xla', NULL, '2019-03-17 23:37:15', '2019-03-17 23:37:15', '17101148_9513.png', NULL, 3, '17101148', 0, 0),
(343, 'MUHAMMAD HUDA ALFASHA', '17101149@ittelkom-pwt.ac.id', NULL, '$2y$10$9AgyAw23CPIhBu42LNlE4.DXXiEYQCp5imklWJFi0b1QlciEOVY6G', NULL, '2019-03-17 23:37:15', '2019-03-17 23:37:15', '17101149_5761.png', NULL, 3, '17101149', 0, 0),
(344, 'MUHAMMAD NOVIANTO ADITYA PUTRA', '17101150@ittelkom-pwt.ac.id', NULL, '$2y$10$FIk.XGhahYjCYUJ92LInIuyGo9e2FSKcFTre4xUyUL7BfNFOElYfS', NULL, '2019-03-17 23:37:15', '2019-03-17 23:37:15', '17101150_7107.png', NULL, 3, '17101150', 0, 0),
(345, 'MUHAMMAD SYAHRUL IKHSAN', '17101151@ittelkom-pwt.ac.id', NULL, '$2y$10$5agtrLWNN5.KM8OV41QKI.0GU.XK/iRLj7L1I6DH1lM/L29c4kJxG', NULL, '2019-03-17 23:37:15', '2019-03-17 23:37:15', '17101151_7079.png', NULL, 3, '17101151', 0, 0),
(346, 'NAJIB MA\'RUF', '17101152@ittelkom-pwt.ac.id', NULL, '$2y$10$5MP.Yv2Jt7YHhmi97zr2hut4KMX4qV.UkR/ttn1BX4xfuKxFKtQ2e', NULL, '2019-03-17 23:37:16', '2019-03-17 23:37:16', '17101152_7345.png', NULL, 3, '17101152', 0, 0),
(347, 'NURHAJIAWATI PATADUNGAN', '17101153@ittelkom-pwt.ac.id', NULL, '$2y$10$dWHQtucGpYf5PbkMf8.xneypuFbpleKLog.9EGW2H9zR0eGn1YKuC', NULL, '2019-03-17 23:37:16', '2019-03-17 23:37:16', '17101153_722.png', NULL, 3, '17101153', 0, 0),
(348, 'QUEENTA PARADISSA RAMADHANI', '17101155@ittelkom-pwt.ac.id', NULL, '$2y$10$fDARe5EEub5cTUGxO31FCebWLRx0qrmepQSSjYxFQs6qCmitMZ.m.', NULL, '2019-03-17 23:37:16', '2019-03-17 23:37:16', '17101155_8771.png', NULL, 3, '17101155', 0, 0),
(349, 'RAMZI ALIY AFIF', '17101156@ittelkom-pwt.ac.id', NULL, '$2y$10$dtJJDdy1iJqJ6t0Upf2sduvuhAce6OQs1uZC8nfW.GkbeujI4UVei', NULL, '2019-03-17 23:37:16', '2019-03-17 23:37:16', '17101156_6488.png', NULL, 3, '17101156', 0, 0),
(350, 'RIFANI AULIANA', '17101157@ittelkom-pwt.ac.id', NULL, '$2y$10$e.PDHnyGZp/ORoMGQ.Egeec72Rxx.stjps71dDDejBs9AmdDb.K0e', NULL, '2019-03-17 23:37:17', '2019-03-17 23:37:17', '17101157_12.png', NULL, 3, '17101157', 1, 0),
(351, 'RIZQI MULYA ISKANDAR', '17101158@ittelkom-pwt.ac.id', NULL, '$2y$10$i.t7opqqQZ4P9U0kVRGPCu1RxlGOvpSjiA7Wx06iPRVvBCYxsoFeS', NULL, '2019-03-17 23:37:17', '2019-03-17 23:37:17', '17101158_7403.png', NULL, 3, '17101158', 0, 0),
(352, 'SALSABILA ZAIN GUNAWAN', '17101159@ittelkom-pwt.ac.id', NULL, '$2y$10$0CJU8jyhQQNrN/5Cs27DwuD.WVQgUn9Z2BioszYiyDka4pIGxeNCG', NULL, '2019-03-17 23:37:17', '2019-03-17 23:37:17', '17101159_9527.png', NULL, 3, '17101159', 0, 0),
(353, 'SILVI NURANDI', '17101160@ittelkom-pwt.ac.id', NULL, '$2y$10$Cpk9h.rsGAL9Oj74Vmp2nu68LjemD9B6B2Pbhk2XU14uMcFiM53fK', NULL, '2019-03-17 23:37:17', '2019-03-17 23:37:17', '17101160_7084.png', NULL, 3, '17101160', 0, 0),
(354, 'VASSA METAYASHA', '17101161@ittelkom-pwt.ac.id', NULL, '$2y$10$prrS4S.XxP5UX7iXVuqbkON9ax/hsjxroQrchsTz8q6jLiK40Xu6G', NULL, '2019-03-17 23:37:17', '2019-03-17 23:37:17', '17101161_4554.png', NULL, 3, '17101161', 0, 0),
(355, 'WISNU SATRIO MUSLIM', '17101162@ittelkom-pwt.ac.id', NULL, '$2y$10$Os2w8un4AF6.SSuUCax54.esuwXwnBYzmjTfM6XnuMIfIZVoh2KWi', NULL, '2019-03-17 23:37:18', '2019-03-17 23:37:18', '17101162_9627.png', NULL, 3, '17101162', 0, 0),
(356, 'BIMO KUSDAMARSASI LANZA', '14101083@ittelkom-pwt.ac.id', NULL, '$2y$10$B/uPwIyF9KGw1jeND5t8xeXt8VlbBq/bVs9FA2Z4a5AC..QR13CBa', NULL, '2019-03-17 23:37:18', '2019-03-17 23:37:18', '14101083_5847.png', NULL, 3, '14101083', 0, 0),
(357, 'YUNINDA DWIANTI MARIMBUN', '17101163@ittelkom-pwt.ac.id', NULL, '$2y$10$XrymwysT/UBcMDEBPIxLiuFaJg76Qe9SVRK8yjOGTwAxVANeJi68G', 'vhdDTUjuaEceNOmBNJeuP1i7RLw8zLuGxdDemhTyj6pYuEmMl51fnKPFfrOE', '2019-03-17 23:37:18', '2019-03-17 23:37:18', '17101163_4724.png', NULL, 3, '17101163', 0, 0),
(358, 'ADE RAIS HAMBALI', '17101164@ittelkom-pwt.ac.id', NULL, '$2y$10$.VeUxBDXfJUXA2H86b3nrOKIqfwMGkh5MUA0fnEpBs1E.mx4RTViy', NULL, '2019-03-17 23:37:18', '2019-03-17 23:37:18', '17101164_2392.png', NULL, 3, '17101164', 0, 0),
(359, 'AHDA ISTIANA BILLA', '17101165@ittelkom-pwt.ac.id', NULL, '$2y$10$OR1pFiP8FbjTiv51Uqb7COe0KQLpVJESvSzb/pdOHItegtgcn0BmO', NULL, '2019-03-17 23:37:19', '2019-03-17 23:37:19', '17101165_5044.png', NULL, 3, '17101165', 0, 0),
(360, 'AHMAD TSAURI SAJAYA', '17101166@ittelkom-pwt.ac.id', NULL, '$2y$10$Bbgu9MgXc/Lch2Qml7q0QeKQkcZ/cJAm1J4xsj9BP3LAvQ6wWc/s.', NULL, '2019-03-17 23:37:19', '2019-03-17 23:37:19', '17101166_5510.png', NULL, 3, '17101166', 0, 0),
(361, 'ALFALAH BECUS WICAKSONO', '17101167@ittelkom-pwt.ac.id', NULL, '$2y$10$I4RiedkIamjc2FXx54NN0.jQ8Lh3VySD2z5BRhi5DFh2t6i9lVIRe', NULL, '2019-03-17 23:37:19', '2019-03-17 23:37:19', '17101167_4752.png', NULL, 3, '17101167', 0, 0),
(362, 'ANUGERAH NOTATEMA GEA', '17101169@ittelkom-pwt.ac.id', NULL, '$2y$10$QcyKukXMlvOFQAYYwwLWZ.n0OpxVMsorEs59jgi6a3Bxxqn6XByuu', NULL, '2019-03-17 23:37:19', '2019-03-17 23:37:19', '17101169_9049.png', NULL, 3, '17101169', 0, 0),
(363, 'ARYO WIDIGDO', '17101170@ittelkom-pwt.ac.id', NULL, '$2y$10$RKM9B311Oi9OWIIMHBtlA.kAGkyFb8giY7hkC3SG2ZCYnkqlke6.S', NULL, '2019-03-17 23:37:20', '2019-03-17 23:37:20', '17101170_9248.png', NULL, 3, '17101170', 0, 0),
(364, 'CHANDRA MAULANA', '17101171@ittelkom-pwt.ac.id', NULL, '$2y$10$LiAzrV4A.Kgiy5lKnRFgaOvgaAPI/M/6a7fgExlxC55QIJepWjZAK', NULL, '2019-03-17 23:37:20', '2019-03-17 23:37:20', '17101171_945.png', NULL, 3, '17101171', 1, 0),
(365, 'DHARMA SAKTI PRAMUDYA', '17101172@ittelkom-pwt.ac.id', NULL, '$2y$10$iL0Q8GluYRQ7OQgHagS5D.ButscO0FRicqxzA.JUBPd7.peqk5J4C', NULL, '2019-03-17 23:37:20', '2019-03-17 23:37:20', '17101172_5999.png', NULL, 3, '17101172', 0, 0),
(366, 'DIMAS FASQI FAHREZI', '17101173@ittelkom-pwt.ac.id', NULL, '$2y$10$RnJJB7pjBEEHrV1xHj3o8eKBh7QmYnysj2qpV9Gmr.LEtC3kuAUt2', NULL, '2019-03-17 23:37:20', '2019-03-17 23:37:20', '17101173_2336.png', NULL, 3, '17101173', 0, 0),
(367, 'DWI PRASETYO', '17101174@ittelkom-pwt.ac.id', NULL, '$2y$10$TGzWV6oZpvsK3nKmKejn7eVpbpVWk7dqNJ66M.PmL63TCPQRJgM/u', NULL, '2019-03-17 23:37:21', '2019-03-17 23:37:21', '17101174_4166.png', NULL, 3, '17101174', 0, 0),
(368, 'ELSA NUR OKTAVIAR HERAWATI', '17101175@ittelkom-pwt.ac.id', NULL, '$2y$10$HRI8Yto8sPv.aIAvcU9etOv67X4diXNnu2gzvGtkDOFQJmFQ5MED2', 'C1lxkWEJm5lisBOjaZm1g5beykhfe2WfcvOYATLP4EMlNvnQev5xs5460lmN', '2019-03-17 23:37:21', '2019-03-17 23:37:21', '17101175_1353.png', NULL, 3, '17101175', 1, 0),
(369, 'FREDRENICO PENGGABEAN', '17101178@ittelkom-pwt.ac.id', NULL, '$2y$10$4QB35KE9M9gEBzT9yP7pY.fhcbHY5cfR/pFGxPl/8nUzj6WmWkK3O', NULL, '2019-03-17 23:37:21', '2019-03-17 23:37:21', '17101178_3734.png', NULL, 3, '17101178', 0, 0),
(370, 'HANIF ADHITAMA', '17101180@ittelkom-pwt.ac.id', NULL, '$2y$10$ruezKhTuUEv.SWzxR2nm2.Q1DgfJ4uj0KaQ/84l.tyEQRP6q304TO', NULL, '2019-03-17 23:37:21', '2019-03-17 23:37:21', '17101180_495.png', NULL, 3, '17101180', 0, 0),
(371, 'IJMA\'U RIZKI', '17101181@ittelkom-pwt.ac.id', NULL, '$2y$10$z.V6cgPEkXErAI/JNlem5uJNoLC8kvsB4eho.rRI855o8FiyPStmm', NULL, '2019-03-17 23:37:22', '2019-03-17 23:37:22', '17101181_6972.png', NULL, 3, '17101181', 0, 0),
(372, 'ISNU FADKHUL ROIS', '17101182@ittelkom-pwt.ac.id', NULL, '$2y$10$xP9YunmoLW5If.1858DjNO2CWHGZb9HI7PP2N5h2yagLckOLVFjp2', NULL, '2019-03-17 23:37:22', '2019-03-17 23:37:22', '17101182_8260.png', NULL, 3, '17101182', 0, 0),
(373, 'KURNIAWAN FAJAR YULIANTO', '17101183@ittelkom-pwt.ac.id', NULL, '$2y$10$BUdn2b4HtFdCaPaD7n7NYeEUpS5S3Smv0oNWyXGKjlk9PQznzbrzG', NULL, '2019-03-17 23:37:22', '2019-03-17 23:37:22', '17101183_1030.png', NULL, 3, '17101183', 0, 0),
(374, 'MICHAEL CHARLOS SIBARANI', '17101186@ittelkom-pwt.ac.id', NULL, '$2y$10$JrohWLCtUNkoD6VRItLETuPqckpl9NzHitR5JfCV2Dau4gXerq4VG', NULL, '2019-03-17 23:37:22', '2019-03-17 23:37:22', '17101186_7334.png', NULL, 3, '17101186', 0, 0),
(375, 'MUHAMAD RIFKI FAUZI', '17101187@ittelkom-pwt.ac.id', NULL, '$2y$10$RfHLnUxsyZwqk4LkIpSFT.xsTwos0zJBrlVxSMex5UiIuZrxODgce', NULL, '2019-03-17 23:37:23', '2019-03-17 23:37:23', '17101187_6853.png', NULL, 3, '17101187', 0, 0),
(376, 'MUHAMMAD RICO MULIA SIHOMBING', '17101190@ittelkom-pwt.ac.id', NULL, '$2y$10$M.ZxqbLpFNKw9K7TI0TObeL1m9hIXIwSpSxMIHRHPzh6Dgcm4oc7O', NULL, '2019-03-17 23:37:23', '2019-03-17 23:37:23', '17101190_1516.png', NULL, 3, '17101190', 0, 0),
(377, 'MUHAMMAD YUSRIL IHZA', '17101191@ittelkom-pwt.ac.id', NULL, '$2y$10$.8MH0AlKArYaq.1XDbVYRey3CNynnrEA0B2islQiU4bQRUufDYyo.', NULL, '2019-03-17 23:37:23', '2019-03-17 23:37:23', '17101191_2613.png', NULL, 3, '17101191', 0, 0),
(378, 'NAJMILHANA SUKROENI', '17101192@ittelkom-pwt.ac.id', NULL, '$2y$10$dV.anl0IolqekW3H/GYffOs4Bls4zfiMCyRIKbUE0gwgRXsGiBeam', NULL, '2019-03-17 23:37:23', '2019-03-17 23:37:23', '17101192_7499.png', NULL, 3, '17101192', 0, 0),
(379, 'PARAMA HUTAMA HEMAS SAKA PRIADI', '17101194@ittelkom-pwt.ac.id', NULL, '$2y$10$JDoOjJlpNdzbCsNXaO.12.ZsrZgZ0Bzwprgz.iKha1y7udIFFjrYa', NULL, '2019-03-17 23:37:24', '2019-03-17 23:37:24', '17101194_2409.png', NULL, 3, '17101194', 0, 0),
(380, 'RAAFI MUHAMMAD ADLI', '17101195@ittelkom-pwt.ac.id', NULL, '$2y$10$sct7DONxmsnXnEaPHpND7uAnGmxa2Jg0bnnKrOrpaxvJAZVi1mt8u', NULL, '2019-03-17 23:37:24', '2019-03-17 23:37:24', '17101195_1664.png', NULL, 3, '17101195', 0, 0),
(381, 'RESI AMALIA UTAMI', '17101196@ittelkom-pwt.ac.id', NULL, '$2y$10$AZwSJwUlh8HUwjL1QkjMGuUjpP4I.7llp7IzuYnUr9RChgnmrGqGm', NULL, '2019-03-17 23:37:24', '2019-03-17 23:37:24', '17101196_5709.png', NULL, 3, '17101196', 0, 0),
(382, 'RIFKY ADZIE SATRIO', '17101197@ittelkom-pwt.ac.id', NULL, '$2y$10$DaIO2CHbyqW3fuLM4d9Oz..WP5q3R4XDv1n7YNGeTPNRsgG.8waR2', NULL, '2019-03-17 23:37:24', '2019-03-17 23:37:24', '17101197_3787.png', NULL, 3, '17101197', 0, 0),
(383, 'RIZQI PRATAMA', '17101198@ittelkom-pwt.ac.id', NULL, '$2y$10$H/lRoajCnfbJfMk8iseF5.YGOIrRTmTdetSOkTrej6m2NnEeNNyHG', NULL, '2019-03-17 23:37:25', '2019-03-17 23:37:25', '17101198_8584.png', NULL, 3, '17101198', 0, 0),
(384, 'SAMUEL TEGUH ANUGRAHKO', '17101199@ittelkom-pwt.ac.id', NULL, '$2y$10$IUUVO93xSLCtjbVmj05x5OsKr.AHwmmUaete4cFUkiVLw/vl6m5ja', NULL, '2019-03-17 23:37:25', '2019-03-17 23:37:25', '17101199_1202.png', NULL, 3, '17101199', 0, 0),
(385, 'STEVANI BR BARUTU', '17101200@ittelkom-pwt.ac.id', NULL, '$2y$10$J5P7vZ3CObkSm.njCX6xHudCSnhu6h8T7vPyKI/yovnSm2y0aFxZi', NULL, '2019-03-17 23:37:25', '2019-03-17 23:37:25', '17101200_3081.png', NULL, 3, '17101200', 0, 0),
(386, 'VEREN DEARDO ANGGORA PURBA', '17101201@ittelkom-pwt.ac.id', NULL, '$2y$10$tN3U5QNNMZB4Iv9ldQ7dpOyxlrlVKVIpJrQLJ4yTYzBErDoX5nKai', NULL, '2019-03-17 23:37:25', '2019-03-17 23:37:25', '17101201_6892.png', NULL, 3, '17101201', 0, 0),
(387, 'WIWIT INDAH SARI', '17101202@ittelkom-pwt.ac.id', NULL, '$2y$10$gib3m64nmYd98qKREpC7Nud2hqzRp.xMv3IC/pqtb9Yyo/Dd29R9W', NULL, '2019-03-17 23:37:25', '2019-03-17 23:37:25', '17101202_7791.png', NULL, 3, '17101202', 0, 0),
(388, 'YUSUF HIDAYAT', '17101203@ittelkom-pwt.ac.id', NULL, '$2y$10$khjtB3HAPTMmgP.n1c/r9eH2UCz95BgX2jO2VvR8/OM0fLk2EoL8e', NULL, '2019-03-17 23:37:26', '2019-03-17 23:37:26', '17101203_1520.png', NULL, 3, '17101203', 0, 0),
(389, 'JHON BRYAN T', '17101204@ittelkom-pwt.ac.id', NULL, '$2y$10$Miuq5nUwIl4KX0ZGfPS4VuUG9ZvMBvfVxUy9JdYCmK7UZZ.9b2ExG', NULL, '2019-03-17 23:37:26', '2019-03-17 23:37:26', '17101204_6973.png', NULL, 3, '17101204', 0, 0),
(390, 'AULIA IBNU FAHMI', '17101205@ittelkom-pwt.ac.id', NULL, '$2y$10$Ec9AQFqYpHaTOoXZ26I/TOJHf/eB1RG6ulTdVlODcEkRebQV8baK6', NULL, '2019-03-17 23:37:26', '2019-03-17 23:37:26', '17101205_7513.png', NULL, 3, '17101205', 0, 0),
(391, 'GALANG ALIF WICAKSONO', '17101206@ittelkom-pwt.ac.id', NULL, '$2y$10$PvAEe1b5L9gah4No3XbNvu/rOeALoGlhPqi80Enykc8ViS5lyT1Ni', NULL, '2019-03-17 23:37:26', '2019-03-17 23:37:26', '17101206_3595.png', NULL, 3, '17101206', 0, 0),
(392, 'DHEA CHANDRA KESUMA', '17101207@ittelkom-pwt.ac.id', NULL, '$2y$10$d0kx5/yNhM05U9Kk1Ckyl.bZz5.w5rcOKh6BtZgo3.4QT80FMv6ku', NULL, '2019-03-17 23:37:27', '2019-03-17 23:37:27', '17101207_8118.png', NULL, 3, '17101207', 0, 0),
(393, 'MUHAMAD RIFQI MUBAROK', '17101209@ittelkom-pwt.ac.id', NULL, '$2y$10$j2NWiraeTAt43aeoRfDBR.UiFlxC5P5UDJhchi1ZwcF59psyX91/i', NULL, '2019-03-17 23:37:27', '2019-03-17 23:37:27', '17101209_4330.png', NULL, 3, '17101209', 0, 0),
(394, 'MUKTI RAMADHAN', '17101210@ittelkom-pwt.ac.id', NULL, '$2y$10$jPoTEG88ed6kQXvFgBPzleW5y2WGKpMEjzjgLcodwttwercii8jWu', NULL, '2019-03-17 23:37:27', '2019-03-17 23:37:27', '17101210_8306.png', NULL, 3, '17101210', 0, 0),
(395, 'PRILIA APTA ARISTAWIDYA', '17101211@ittelkom-pwt.ac.id', NULL, '$2y$10$7YaUAcr38RDbwpM5rnb2E./G2uWmL4Z4EwX1Xvj511wTmONXYX/w.', NULL, '2019-03-17 23:37:28', '2019-03-17 23:37:28', '17101211_1711.png', NULL, 3, '17101211', 0, 0),
(396, 'SIGIT MAULANA', '17101213@ittelkom-pwt.ac.id', NULL, '$2y$10$wt/5i9qQ2yaiulihngXqLO0oK4bIBMlHkpLrOEou3f9OuDVJVNmK2', NULL, '2019-03-17 23:37:28', '2019-03-17 23:37:28', '17101213_77.png', NULL, 3, '17101213', 0, 0),
(397, 'SUGENG WAISAL', '17101214@ittelkom-pwt.ac.id', NULL, '$2y$10$d1yhQoxz/KueIQubkUydoO/cPfdGU1bwGE9vsuEbzw4LrR4/xVtDa', NULL, '2019-03-17 23:37:28', '2019-03-17 23:37:28', '17101214_2158.png', NULL, 3, '17101214', 0, 0),
(398, 'YUSTIKA ARINIL HAQ', '17101217@ittelkom-pwt.ac.id', NULL, '$2y$10$vu8D.jdLlqsPRAricUEDt.Lx0pjws5c0T1ie2BvJ57IXF1jhWWE0u', 'PtxXz56ZYTosfmF2fzcHI1DJlVsrFprfYDDLe4Z7kbTIdibsOoKAQXJdVocl', '2019-03-17 23:37:29', '2019-03-17 23:37:29', '17101217_6539.png', NULL, 3, '17101217', 0, 0),
(399, 'ANGGORO YUDHA PRATAMA', '17107004@ittelkom-pwt.ac.id', NULL, '$2y$10$YCgJ.JemBopwUDoHWIuhROOjPaLr7UG0nhZ5hlDUByRQiB3GMrTOu', NULL, '2019-03-18 00:23:16', '2019-03-18 00:23:16', '17107004_5118.png', NULL, 2, '17107004', 1, 0),
(400, 'WAHYU UTORO SAPUTRO', '17107011@ittelkom-pwt.ac.id', NULL, '$2y$10$Rl1AZjbGOLzOpscAit.Wne3m8.6ZBd/YjWzI1IftVzlsGR5XH6nAC', NULL, '2019-03-18 00:23:17', '2019-03-18 00:23:17', '17107011_4397.png', NULL, 2, '17107011', 1, 0),
(401, 'DWI ELBA WAHYU AJI', '16101127@ittelkom-pwt.ac.id', NULL, '$2y$10$juutKxrsAwEHuknhbbprZuNShvFNYL8NP0gFXlrk12PhluGgv4vQS', NULL, '2019-03-18 00:23:17', '2019-03-18 00:23:17', '16101127_3017.png', NULL, 2, '16101127', 1, 0),
(402, 'FAISHAL MUHAMMAD ZHAFRAN', '16101014@ittelkom-pwt.ac.id', NULL, '$2y$10$CETasLzfDVn8MxLM7oK9fuXze0AWggyneEOviiSyhwf80X9prkpvK', NULL, '2019-03-18 00:23:17', '2019-03-18 00:23:17', '16101014_8648.png', NULL, 2, '16101014', 1, 0),
(403, 'INDAK DANIL MABAR', '16101134@ittelkom-pwt.ac.id', NULL, '$2y$10$C8D14ZnrPa2R669NnZIzZOQt5.gATln9yK8TXqEyRv8DKvvk9Bidm', NULL, '2019-03-18 00:23:18', '2019-03-18 00:23:18', '16101134_3308.png', NULL, 2, '16101134', 1, 0),
(404, 'FIKRI NIZAR GUSTIYANA', '17201035@ittelkom-pwt.ac.id', NULL, '$2y$10$5fWKoFXI5lJ/nIldzJ.dV.5nP3jCI8QEMaAttvPIvwwyEoizHoilW', NULL, '2019-03-18 00:23:18', '2019-03-18 00:23:18', '17201035_589.png', NULL, 2, '17201035', 1, 0),
(405, 'RIJAL TAUFIKKURRAHMAN', '17201048@ittelkom-pwt.ac.id', NULL, '$2y$10$c0j/PnYaGAKoOX85GCjqjOE8Se69w5w0HsY.10uvagY7daEYQUcPK', NULL, NULL, NULL, NULL, NULL, 2, '17201048', 1, 0);

--
-- Indexes for dumped tables
--

--
-- Indexes for table `aktivitas`
--
ALTER TABLE `aktivitas`
  ADD PRIMARY KEY (`id`),
  ADD KEY `aktivitas_id_mk_foreign` (`id_mk`),
  ADD KEY `aktivitas_id_kelas_foreign` (`id_kelas`);

--
-- Indexes for table `kelas`
--
ALTER TABLE `kelas`
  ADD PRIMARY KEY (`id`);

--
-- Indexes for table `laporan`
--
ALTER TABLE `laporan`
  ADD PRIMARY KEY (`id`),
  ADD KEY `laporan_id_user_foreign` (`id_user`),
  ADD KEY `laporan_id_modul_foreign` (`id_modul`),
  ADD KEY `laporan_id_asisten_foreign` (`id_asisten`);

--
-- Indexes for table `mata_kuliah`
--
ALTER TABLE `mata_kuliah`
  ADD PRIMARY KEY (`id`),
  ADD UNIQUE KEY `mata_kuliah_kd_mk_unique` (`kd_mk`(50));

--
-- Indexes for table `migrations`
--
ALTER TABLE `migrations`
  ADD PRIMARY KEY (`id`);

--
-- Indexes for table `modul`
--
ALTER TABLE `modul`
  ADD PRIMARY KEY (`id`),
  ADD KEY `modul_id_mk_foreign` (`id_mk`);

--
-- Indexes for table `password_resets`
--
ALTER TABLE `password_resets`
  ADD KEY `password_resets_email_index` (`email`(191));

--
-- Indexes for table `peserta`
--
ALTER TABLE `peserta`
  ADD PRIMARY KEY (`id`),
  ADD KEY `peserta_id_user_foreign` (`id_user`),
  ADD KEY `peserta_id_aktivitas_foreign` (`id_aktivitas`);

--
-- Indexes for table `users`
--
ALTER TABLE `users`
  ADD PRIMARY KEY (`id`),
  ADD UNIQUE KEY `users_email_unique` (`email`(100));

--
-- AUTO_INCREMENT for dumped tables
--

--
-- AUTO_INCREMENT for table `aktivitas`
--
ALTER TABLE `aktivitas`
  MODIFY `id` bigint(20) UNSIGNED NOT NULL AUTO_INCREMENT, AUTO_INCREMENT=7;

--
-- AUTO_INCREMENT for table `kelas`
--
ALTER TABLE `kelas`
  MODIFY `id` bigint(20) UNSIGNED NOT NULL AUTO_INCREMENT, AUTO_INCREMENT=7;

--
-- AUTO_INCREMENT for table `laporan`
--
ALTER TABLE `laporan`
  MODIFY `id` bigint(20) UNSIGNED NOT NULL AUTO_INCREMENT, AUTO_INCREMENT=45;

--
-- AUTO_INCREMENT for table `mata_kuliah`
--
ALTER TABLE `mata_kuliah`
  MODIFY `id` bigint(20) UNSIGNED NOT NULL AUTO_INCREMENT, AUTO_INCREMENT=3;

--
-- AUTO_INCREMENT for table `migrations`
--
ALTER TABLE `migrations`
  MODIFY `id` int(10) UNSIGNED NOT NULL AUTO_INCREMENT, AUTO_INCREMENT=10;

--
-- AUTO_INCREMENT for table `modul`
--
ALTER TABLE `modul`
  MODIFY `id` bigint(20) UNSIGNED NOT NULL AUTO_INCREMENT, AUTO_INCREMENT=9;

--
-- AUTO_INCREMENT for table `peserta`
--
ALTER TABLE `peserta`
  MODIFY `id` bigint(20) UNSIGNED NOT NULL AUTO_INCREMENT, AUTO_INCREMENT=273;

--
-- AUTO_INCREMENT for table `users`
--
ALTER TABLE `users`
  MODIFY `id` bigint(20) UNSIGNED NOT NULL AUTO_INCREMENT, AUTO_INCREMENT=406;

--
-- Constraints for dumped tables
--

--
-- Constraints for table `aktivitas`
--
ALTER TABLE `aktivitas`
  ADD CONSTRAINT `aktivitas_id_kelas_foreign` FOREIGN KEY (`id_kelas`) REFERENCES `kelas` (`id`),
  ADD CONSTRAINT `aktivitas_id_mk_foreign` FOREIGN KEY (`id_mk`) REFERENCES `mata_kuliah` (`id`);

--
-- Constraints for table `laporan`
--
ALTER TABLE `laporan`
  ADD CONSTRAINT `laporan_id_asisten_foreign` FOREIGN KEY (`id_asisten`) REFERENCES `users` (`id`),
  ADD CONSTRAINT `laporan_id_modul_foreign` FOREIGN KEY (`id_modul`) REFERENCES `modul` (`id`),
  ADD CONSTRAINT `laporan_id_user_foreign` FOREIGN KEY (`id_user`) REFERENCES `users` (`id`);

--
-- Constraints for table `modul`
--
ALTER TABLE `modul`
  ADD CONSTRAINT `modul_id_mk_foreign` FOREIGN KEY (`id_mk`) REFERENCES `mata_kuliah` (`id`);

--
-- Constraints for table `peserta`
--
ALTER TABLE `peserta`
  ADD CONSTRAINT `peserta_id_aktivitas_foreign` FOREIGN KEY (`id_aktivitas`) REFERENCES `aktivitas` (`id`),
  ADD CONSTRAINT `peserta_id_user_foreign` FOREIGN KEY (`id_user`) REFERENCES `users` (`id`);
COMMIT;

/*!40101 SET CHARACTER_SET_CLIENT=@OLD_CHARACTER_SET_CLIENT */;
/*!40101 SET CHARACTER_SET_RESULTS=@OLD_CHARACTER_SET_RESULTS */;
/*!40101 SET COLLATION_CONNECTION=@OLD_COLLATION_CONNECTION */;
